#
# A fatal error has been detected by the Java Runtime Environment:
#
#  SIGSEGV (0xb) at pc=0x000070663a019d86, pid=21523, tid=21548
#
# JRE version: OpenJDK Runtime Environment (21.0.11+10) (build 21.0.11+10-1-24.04.2-Ubuntu)
# Java VM: OpenJDK 64-Bit Server VM (21.0.11+10-1-24.04.2-Ubuntu, mixed mode, sharing, tiered, compressed oops, compressed class ptrs, g1 gc, linux-amd64)
# Problematic frame:
# V  [libjvm.so+0x819d86]  G1ParScanThreadState::trim_queue_to_threshold(unsigned int)+0x15a6
#
# Core dump will be written. Default location: Core dumps may be processed with "/usr/share/apport/apport -p%p -s%s -c%c -d%d -P%P -u%u -g%g -F%F -- %E" (or dumping to /home/vanille/Documents/stage/Genesis/core.21523)
#
# If you would like to submit a bug report, please visit:
#   https://bugs.launchpad.net/ubuntu/+source/openjdk-21
#

---------------  S U M M A R Y ------------

Command Line: --add-opens=java.base/java.lang=ALL-UNNAMED --add-opens=java.base/java.lang.invoke=ALL-UNNAMED --add-opens=java.base/java.util=ALL-UNNAMED --add-opens=java.prefs/java.util.prefs=ALL-UNNAMED --add-exports=jdk.compiler/com.sun.tools.javac.api=ALL-UNNAMED --add-exports=jdk.compiler/com.sun.tools.javac.util=ALL-UNNAMED --add-opens=java.base/java.nio.charset=ALL-UNNAMED --add-opens=java.base/java.net=ALL-UNNAMED --add-opens=java.base/java.util.concurrent=ALL-UNNAMED --add-opens=java.base/java.util.concurrent.atomic=ALL-UNNAMED --add-opens=java.xml/javax.xml.namespace=ALL-UNNAMED --add-opens=java.base/java.time=ALL-UNNAMED -XX:MaxMetaspaceSize=384m -XX:+HeapDumpOnOutOfMemoryError -Xms256m -Xmx512m -Dfile.encoding=UTF-8 -Duser.country=US -Duser.language=en -Duser.variant -javaagent:/opt/gradle/gradle-9.5.1/lib/agents/gradle-instrumentation-agent-9.5.1.jar org.gradle.launcher.daemon.bootstrap.GradleDaemon 9.5.1

Host: 11th Gen Intel(R) Core(TM) i7-1165G7 @ 2.80GHz, 8 cores, 15G, Ubuntu 24.04.4 LTS
Time: Mon Jul 20 11:23:03 2026 EAT elapsed time: 11621.043824 seconds (0d 3h 13m 41s)

---------------  T H R E A D  ---------------

Current thread (0x00007065e0009070):  WorkerThread "GC Thread#3"    [id=21548, stack(0x00007066100fe000,0x00007066101fe000) (1024K)]

Stack: [0x00007066100fe000,0x00007066101fe000],  sp=0x00007066101fc9f0,  free space=1018k
Native frames: (J=compiled Java code, j=interpreted, Vv=VM code, C=native code)
V  [libjvm.so+0x819d86]  G1ParScanThreadState::trim_queue_to_threshold(unsigned int)+0x15a6
V  [libjvm.so+0x831bc7]  G1ScanHRForRegionClosure::scan_heap_roots(HeapRegion*)+0x467
V  [libjvm.so+0x82f4cd]  G1RemSet::scan_heap_roots(G1ParScanThreadState*, unsigned int, G1GCPhaseTimes::GCParPhases, G1GCPhaseTimes::GCParPhases, bool)+0x1ed
V  [libjvm.so+0x8528ef]  G1EvacuateRegionsTask::scan_roots(G1ParScanThreadState*, unsigned int)+0x4f
V  [libjvm.so+0x852b39]  G1EvacuateRegionsBaseTask::work(unsigned int)+0x89
V  [libjvm.so+0x104b060]  WorkerThread::run()+0x80
V  [libjvm.so+0xf90cb7]  Thread::call_run()+0xa7
V  [libjvm.so+0xd06fd5]  thread_native_entry(Thread*)+0xd5
C  [libc.so.6+0x9caa4]

siginfo: si_signo: 11 (SIGSEGV), si_code: 1 (SEGV_MAPERR), si_addr: 0x000000006240ea80

Registers:
RAX=0x0000000000000066, RBX=0x00007065ac00bab0, RCX=0x0000000000000014, RDX=0x0000000000000000
RSP=0x00007066101fc9f0, RBP=0x00007066101fca90, RSI=0x0000000000000000, RDI=0x0000000000000000
R8 =0x0000000000000000, R9 =0x00000000eaa500e0, R10=0x00000000eaa500ed, R11=0x0000000000000000
R12=0x00000000eaa500ed, R13=0x000000006240ea80, R14=0x000070663acce708, R15=0x000070663accceb0
RIP=0x000070663a019d86, EFLAGS=0x0000000000010246, CSGSFS=0x002b000000000033, ERR=0x0000000000000004
  TRAPNO=0x000000000000000e

XMM[0]=0x000000000000c150 0x0000000000007268
XMM[1]=0x00000000000076ae 0x000000000000463e
XMM[2]=0x00007065cc077180 0x00007065cc077170
XMM[3]=0x00000000005fbc60 0x000000000038a92c
XMM[4]=0x00000000002f290e 0x00000000001be832
XMM[5]=0x0000000000000000 0x0000000000000000
XMM[6]=0x000011db9d57e5d8 0x00000a91bb085f12
XMM[7]=0x0000000000110206 0x00000000000a10c4
XMM[8]=0xcafebabecafebabe 0xcafebabecafebabe
XMM[9]=0x2e2e5e5b415c494d 0x015d48015d575d01
XMM[10]=0x2e2e2e2e2e2e2e0b 0x2e2e2e2e2e2e2e2e
XMM[11]=0x0000000000000000 0x000070663a9c2e40
XMM[12]=0x0000000000000000 0x0000000000000000
XMM[13]=0x0000000000000000 0x0000000000000000
XMM[14]=0x0000000000000000 0x0000000000000000
XMM[15]=0x0000000000000000 0x0000000000000000
  MXCSR=0x00001fa2


Register to memory mapping:

RAX=0x0000000000000066 is an unknown value
RBX=0x00007065ac00bab0 points into unknown readable memory: 0x000070663ac025d8 | d8 25 c0 3a 66 70 00 00
RCX=0x0000000000000014 is an unknown value
RDX=0x0 is null
RSP=0x00007066101fc9f0 points into unknown readable memory: 0x00007066101fca00 | 00 ca 1f 10 66 70 00 00
RBP=0x00007066101fca90 points into unknown readable memory: 0x00007066101fcbd0 | d0 cb 1f 10 66 70 00 00
RSI=0x0 is null
RDI=0x0 is null
R8 =0x0 is null
R9 =0x00000000eaa500e0 is an oop: groovy.lang.MetaBeanProperty 
{0x00000000eaa500e0} - klass: 'groovy/lang/MetaBeanProperty'
 - ---- fields (total size 4 words):
 - protected final 'name' 'Ljava/lang/String;' @12  
[error occurred during error reporting (printing register info), id 0xb, SIGSEGV (0xb) at pc=0x000070663a4ec864]
R10=0x00000000eaa500ed is pointing into object: groovy.lang.MetaBeanProperty 
{0x00000000eaa500e0} - klass: 'groovy/lang/MetaBeanProperty'
 - ---- fields (total size 4 words):
 - protected final 'name' 'Ljava/lang/String;' @12  
[error occurred during error reporting (printing register info, attempt 2), id 0xb, SIGSEGV (0xb) at pc=0x000070663a4ec864]
R11=0x0 is null
R12=0x00000000eaa500ed is pointing into object: groovy.lang.MetaBeanProperty 
{0x00000000eaa500e0} - klass: 'groovy/lang/MetaBeanProperty'
 - ---- fields (total size 4 words):
 - protected final 'name' 'Ljava/lang/String;' @12  
[error occurred during error reporting (printing register info, attempt 3), id 0xb, SIGSEGV (0xb) at pc=0x000070663a4ec864]
Top of Stack: (sp=0x00007066101fc9f0)
0x00007066101fc9f0:   00007066101fca00 000070658c16bbf8   ....fp......ep..
0x00007066101fca00:   00000000eaa4fd50 00000066101fcb50   P.......P...f...
0x00007066101fca10:   0000000000000011 0000000000000001   ................
0x00007066101fca20:   0000000000000000 0000706634145190   .........Q.4fp..
0x00007066101fca30:   00007065ec512420 00000000eaa500e0    $Q.ep..........
0x00007066101fca40:   00000040101fca50 000070663ad0f694   P...@......:fp..
0x00007066101fca50:   01007066101fca70 0000000000000011   p...fp..........
0x00007066101fca60:   000000000000324d 000070663872cb45   M2......E.r8fp..
0x00007066101fca70:   00007065ac00bab0 00000000e1568a00   ....ep....V.....
0x00007066101fca80:   000070663acce708 000070663872cb60   ...:fp..`.r8fp..
0x00007066101fca90:   00007066101fcbd0 000070663a031bc7   ....fp.....:fp..
0x00007066101fcaa0:   00007065cc077170 00007065cc077180   pq..ep...q..ep..
0x00007066101fcab0:   00007065cc077170 00007065cc077180   pq..ep...q..ep..
0x00007066101fcac0:   00000000000003d8 00007065e0009420   ........ ...ep..
0x00007066101fcad0:   00007066101fcbe0 000070663a03e29b   ....fp.....:fp..
0x00007066101fcae0:   00007066101fcb30 00007066101fcb50   0...fp..P...fp..
0x00007066101fcaf0:   00007065600015a0 0000000000000054   ...`ep..T.......
0x00007066101fcb00:   0000000000000015 00007065cc077558   ........Xu..ep..
0x00007066101fcb10:   000070663403f8b0 00007066101fcc80   ...4fp......fp..
0x00007066101fcb20:   000070663872cb45 01007066101fccd8   E.r8fp......fp..
0x00007066101fcb30:   0000000000000080 00007066101fcc80   ............fp..
0x00007066101fcb40:   00000000e1568a00 000011db9defbedc   ..V.............
0x00007066101fcb50:   0000000000000002 00000000000000a8   ................
0x00007066101fcb60:   00000a91bb62a0b3 000011db9df067fc   ..b......g......
0x00007066101fcb70:   000070663ac026d8 0000000000000000   .&.:fp..........
0x00007066101fcb80:   000070663402f860 00007065ac00bab0   `..4fp......ep..
0x00007066101fcb90:   00007066101fccd0 000070663a002bf2   ....fp...+.:fp..
0x00007066101fcba0:   00000a91bb61674e 000070663402f860   Nga.....`..4fp..
0x00007066101fcbb0:   0000706634085cd0 00007066101fcc50   .\.4fp..P...fp..
0x00007066101fcbc0:   000070663ad0f678 0000000000000008   x..:fp..........
0x00007066101fcbd0:   00007066101fcd40 000070663a02f4cd   @...fp.....:fp..
0x00007066101fcbe0:   000070663403f870 0000001400000000   p..4fp..........

Instructions: (pc=0x000070663a019d86)
0x000070663a019c86:   00 00 48 c1 e0 03 48 85 f6 0f 85 5f 03 00 00 49
0x000070663a019c96:   8b 94 24 80 02 00 00 48 8d 78 08 48 8d 05 d8 42
0x000070663a019ca6:   fb ff 4c 89 4d a0 44 89 45 a8 4d 8d 94 24 80 02
0x000070663a019cb6:   00 00 48 8b 12 48 89 4d b8 48 39 c2 0f 85 8a 1d
0x000070663a019cc6:   00 00 31 d2 be 05 00 00 00 e8 6c f7 c0 ff 48 8b
0x000070663a019cd6:   4d b8 44 8b 45 a8 48 89 c2 49 8b 84 24 88 02 00
0x000070663a019ce6:   00 4c 8b 4d a0 48 8d 04 c2 49 8b b4 24 b8 02 00
0x000070663a019cf6:   00 48 89 30 49 8b 84 24 a8 02 00 00 49 89 94 24
0x000070663a019d06:   b8 02 00 00 48 85 f6 74 08 49 03 84 24 88 02 00
0x000070663a019d16:   00 49 89 84 24 a8 02 00 00 b8 01 00 00 00 e9 8d
0x000070663a019d26:   fd ff ff 0f 1f 80 00 00 00 00 4c 8d 3d 79 31 cb
0x000070663a019d36:   00 45 8b 6c 24 ff 48 8b 43 08 41 8b 7f 08 49 8b
0x000070663a019d46:   37 89 f9 49 d3 e5 8b 88 b8 05 00 00 48 8b 80 a8
0x000070663a019d56:   05 00 00 49 01 f5 4c 89 ea 48 d3 ea 48 8d 04 50
0x000070663a019d66:   0f b6 50 01 44 0f b6 00 0f b7 85 7c ff ff ff 88
0x000070663a019d76:   d4 66 89 85 7c ff ff ff 84 d2 0f 88 8a f5 ff ff
0x000070663a019d86:   4d 8b 5d 00 4d 89 d9 41 83 e1 03 49 83 f9 03 0f
0x000070663a019d96:   85 49 05 00 00 48 8d 05 f2 58 cf 00 4d 89 d8 49
0x000070663a019da6:   83 e0 fc 48 89 45 b8 4c 89 c0 89 f9 48 8b 7d b8
0x000070663a019db6:   49 83 ec 01 48 29 f0 48 d3 e8 41 89 04 24 4c 89
0x000070663a019dc6:   e0 8b 0f 4c 31 c0 48 d3 e8 48 85 c0 0f 84 38 f5
0x000070663a019dd6:   ff ff 48 8b 43 08 4c 89 e2 8b 88 b8 05 00 00 48
0x000070663a019de6:   8b 80 a8 05 00 00 48 d3 ea 80 7c 50 01 fe 0f 84
0x000070663a019df6:   16 f5 ff ff 49 d3 e8 4a 8d 04 40 80 38 00 0f 84
0x000070663a019e06:   06 f5 ff ff 80 78 01 00 0f 89 fc f4 ff ff 48 8d
0x000070663a019e16:   15 05 4d ce 00 48 8b 43 60 8b 0a 49 d3 ec 4c 89
0x000070663a019e26:   e6 e9 be f4 ff ff 0f 1f 40 00 48 89 fe 48 83 c2
0x000070663a019e36:   08 48 89 cf ff d0 4c 8b 5d a8 e9 3e ec ff ff 0f
0x000070663a019e46:   1f 00 49 8b b7 b0 02 00 00 48 c1 e0 03 48 85 f6
0x000070663a019e56:   0f 85 ef 02 00 00 49 8b 8f 80 02 00 00 48 8d 78
0x000070663a019e66:   08 48 8d 05 12 41 fb ff 48 89 55 b8 4d 8d 87 80
0x000070663a019e76:   02 00 00 48 8b 09 48 39 c1 0f 85 8f 1c 00 00 e8


Stack slot to memory mapping:

stack at sp + 0 slots: 0x00007066101fca00 points into unknown readable memory: 0x00000000eaa4fd50 | 50 fd a4 ea 00 00 00 00
stack at sp + 1 slots: 0x000070658c16bbf8 points into unknown readable memory: 0x000070658c2c5e20 | 20 5e 2c 8c 65 70 00 00
stack at sp + 2 slots: 0x00000000eaa4fd50 is an oop: [Ljava.util.HashMap$Node; 
{0x00000000eaa4fd50} - klass: 'java/util/HashMap$Node'[]
 - length: 32
stack at sp + 3 slots: 0x00000066101fcb50 is an unknown value
stack at sp + 4 slots: 0x0000000000000011 is an unknown value
stack at sp + 5 slots: 0x0000000000000001 is an unknown value
stack at sp + 6 slots: 0x0 is null
stack at sp + 7 slots: 0x0000706634145190 points into unknown readable memory: 0x00000000ee900000 | 00 00 90 ee 00 00 00 00


---------------  P R O C E S S  ---------------

Threads class SMR info:
_java_thread_list=0x0000706510009310, length=56, elements={
0x000070663401c570, 0x0000706634186410, 0x0000706634187990, 0x0000706634189140,
0x000070663418a790, 0x000070663418bd40, 0x000070663418d890, 0x0000706634196f50,
0x00007066341f4b40, 0x0000706634251c00, 0x0000706635a85aa0, 0x0000706635b1c9a0,
0x0000706635b5b250, 0x0000706580225630, 0x000070658022d5c0, 0x000070658026d1d0,
0x0000706580f91640, 0x0000706580f97070, 0x0000706581088a30, 0x0000706581a6aa40,
0x000070651816b700, 0x0000706534008630, 0x0000706574006d80, 0x000070659c019390,
0x00007065400008e0, 0x00007065400040f0, 0x0000706540008e60, 0x000070658c141d30,
0x000070658c1429a0, 0x000070658c143600, 0x000070658c0aa8a0, 0x000070658c0ae9c0,
0x000070658c0adef0, 0x000070658c15c030, 0x000070658c15ccb0, 0x000070658c169d40,
0x000070658c16b4d0, 0x000070658c1711b0, 0x000070658c17e600, 0x000070658c186150,
0x000070658c2f9e50, 0x000070658c2fa700, 0x000070658c2f6700, 0x000070658c105ff0,
0x000070658c106d20, 0x000070658c107ab0, 0x000070658c1088f0, 0x000070658c1096d0,
0x000070658c10a520, 0x000070658c10b700, 0x000070658c10c9a0, 0x000070658c126cd0,
0x000070658c556230, 0x000070658c874f40, 0x000070658c875830, 0x0000706510008b80
}

Java Threads: ( => current thread )
  0x000070663401c570 JavaThread "main"                              [_thread_blocked, id=21524, stack(0x0000706639300000,0x0000706639400000) (1024K)]
  0x0000706634186410 JavaThread "Reference Handler"          daemon [_thread_blocked, id=21535, stack(0x0000706611778000,0x0000706611878000) (1024K)]
  0x0000706634187990 JavaThread "Finalizer"                  daemon [_thread_blocked, id=21536, stack(0x0000706611100000,0x0000706611200000) (1024K)]
  0x0000706634189140 JavaThread "Signal Dispatcher"          daemon [_thread_blocked, id=21537, stack(0x0000706611000000,0x0000706611100000) (1024K)]
  0x000070663418a790 JavaThread "Service Thread"             daemon [_thread_blocked, id=21538, stack(0x0000706610f00000,0x0000706611000000) (1024K)]
  0x000070663418bd40 JavaThread "Monitor Deflation Thread"   daemon [_thread_blocked, id=21539, stack(0x0000706610e00000,0x0000706610f00000) (1024K)]
  0x000070663418d890 JavaThread "C2 CompilerThread0"         daemon [_thread_blocked, id=21540, stack(0x0000706610d00000,0x0000706610e00000) (1024K)]
  0x0000706634196f50 JavaThread "C1 CompilerThread0"         daemon [_thread_blocked, id=21541, stack(0x0000706610c00000,0x0000706610d00000) (1024K)]
  0x00007066341f4b40 JavaThread "Common-Cleaner"             daemon [_thread_blocked, id=21542, stack(0x0000706610a2f000,0x0000706610b2f000) (1024K)]
  0x0000706634251c00 JavaThread "Notification Thread"        daemon [_thread_blocked, id=21543, stack(0x000070661092f000,0x0000706610a2f000) (1024K)]
  0x0000706635a85aa0 JavaThread "Daemon health stats"               [_thread_blocked, id=21551, stack(0x00007065e6cfe000,0x00007065e6dfe000) (1024K)]
  0x0000706635b1c9a0 JavaThread "Incoming local TCP Connector on port 34203"        [_thread_in_native, id=21552, stack(0x00007065e6bfe000,0x00007065e6cfe000) (1024K)]
  0x0000706635b5b250 JavaThread "Daemon periodic checks"            [_thread_blocked, id=21553, stack(0x00007065e6afe000,0x00007065e6bfe000) (1024K)]
  0x0000706580225630 JavaThread "Cache worker for journal cache (/home/vanille/.gradle/caches/journal-1)"        [_thread_blocked, id=21561, stack(0x00007065e62fe000,0x00007065e63fe000) (1024K)]
  0x000070658022d5c0 JavaThread "File lock request listener"        [_thread_in_native, id=21562, stack(0x00007065e61fe000,0x00007065e62fe000) (1024K)]
  0x000070658026d1d0 JavaThread "Cache worker for file hash cache (/home/vanille/.gradle/caches/9.5.1/fileHashes)"        [_thread_blocked, id=21563, stack(0x00007065e60fe000,0x00007065e61fe000) (1024K)]
  0x0000706580f91640 JavaThread "File watcher server"        daemon [_thread_blocked, id=21577, stack(0x00007065e5afb000,0x00007065e5bfb000) (1024K)]
  0x0000706580f97070 JavaThread "File watcher consumer"      daemon [_thread_blocked, id=21578, stack(0x00007065e59fb000,0x00007065e5afb000) (1024K)]
  0x0000706581088a30 JavaThread "Cache worker for file content cache (/home/vanille/.gradle/caches/9.5.1/fileContent)"        [_thread_blocked, id=21579, stack(0x00007065e58fb000,0x00007065e59fb000) (1024K)]
  0x0000706581a6aa40 JavaThread "Memory manager"                    [_thread_blocked, id=21619, stack(0x00007065e4cfb000,0x00007065e4dfb000) (1024K)]
  0x000070651816b700 JavaThread "Cache worker for Java compile cache (/home/vanille/.gradle/caches/9.5.1/javaCompile)"        [_thread_blocked, id=21724, stack(0x0000706503500000,0x0000706503600000) (1024K)]
  0x0000706534008630 JavaThread "ForkJoinPool.commonPool-worker-49" daemon [_thread_blocked, id=260417, stack(0x0000706503a00000,0x0000706503b00000) (1024K)]
  0x0000706574006d80 JavaThread "File lock release action executor"        [_thread_blocked, id=267736, stack(0x00007065e55fb000,0x00007065e56fb000) (1024K)]
  0x000070659c019390 JavaThread "Daemon Thread 8"                   [_thread_blocked, id=268194, stack(0x00007065e47fb000,0x00007065e48fb000) (1024K)]
  0x00007065400008e0 JavaThread "Handler for socket connection from /127.0.0.1:34203 to /127.0.0.1:53352"        [_thread_in_native, id=268195, stack(0x00007065e54fb000,0x00007065e55fb000) (1024K)]
  0x00007065400040f0 JavaThread "Cancel handler"                    [_thread_blocked, id=268196, stack(0x00007065e4efb000,0x00007065e4ffb000) (1024K)]
  0x0000706540008e60 JavaThread "Daemon worker Thread 8"            [_thread_blocked, id=268197, stack(0x00007065e43fb000,0x00007065e44fb000) (1024K)]
  0x000070658c141d30 JavaThread "Asynchronous log dispatcher for DefaultDaemonConnection: socket connection from /127.0.0.1:34203 to /127.0.0.1:53352"        [_thread_blocked, id=268198, stack(0x00007065e48fb000,0x00007065e49fb000) (1024K)]
  0x000070658c1429a0 JavaThread "Stdin handler"                     [_thread_blocked, id=268199, stack(0x0000706503f00000,0x0000706504000000) (1024K)]
  0x000070658c143600 JavaThread "Daemon client event forwarder"        [_thread_blocked, id=268200, stack(0x00007065e49fb000,0x00007065e4afb000) (1024K)]
  0x000070658c0aa8a0 JavaThread "Cache worker for file hash cache (/home/vanille/Documents/stage/Genesis/.gradle/9.5.1/fileHashes)"        [_thread_blocked, id=268201, stack(0x0000706503800000,0x0000706503900000) (1024K)]
  0x000070658c0ae9c0 JavaThread "Cache worker for Build Output Cleanup Cache (/home/vanille/Documents/stage/Genesis/.gradle/buildOutputCleanup)"        [_thread_blocked, id=268203, stack(0x00007065e4bfb000,0x00007065e4cfb000) (1024K)]
  0x000070658c0adef0 JavaThread "jar transforms"                    [_thread_blocked, id=268206, stack(0x00007065e52fb000,0x00007065e53fb000) (1024K)]
  0x000070658c15c030 JavaThread "jar transforms Thread 2"           [_thread_blocked, id=268207, stack(0x00007065e64fe000,0x00007065e65fe000) (1024K)]
  0x000070658c15ccb0 JavaThread "jar transforms Thread 3"           [_thread_blocked, id=268208, stack(0x00007065e51fb000,0x00007065e52fb000) (1024K)]
  0x000070658c169d40 JavaThread "Cache worker for checksums cache (/home/vanille/Documents/stage/Genesis/.gradle/9.5.1/checksums)"        [_thread_blocked, id=268223, stack(0x00007065e66fe000,0x00007065e67fe000) (1024K)]
  0x000070658c16b4d0 JavaThread "Cache worker for cache directory md-supplier (/home/vanille/.gradle/caches/9.5.1/md-supplier)"        [_thread_blocked, id=268224, stack(0x0000706503c00000,0x0000706503d00000) (1024K)]
  0x000070658c1711b0 JavaThread "Cache worker for cache directory md-rule (/home/vanille/.gradle/caches/9.5.1/md-rule)"        [_thread_blocked, id=268225, stack(0x00007065e4ffb000,0x00007065e50fb000) (1024K)]
  0x000070658c17e600 JavaThread "jar transforms Thread 4"           [_thread_blocked, id=268226, stack(0x00007065e40fb000,0x00007065e41fb000) (1024K)]
  0x000070658c186150 JavaThread "jar transforms Thread 5"           [_thread_blocked, id=268227, stack(0x00007065e44fb000,0x00007065e45fb000) (1024K)]
  0x000070658c2f9e50 JavaThread "jar transforms Thread 6"           [_thread_blocked, id=268235, stack(0x00007065e5cfb000,0x00007065e5dfb000) (1024K)]
  0x000070658c2fa700 JavaThread "jar transforms Thread 7"           [_thread_blocked, id=268236, stack(0x0000706503200000,0x0000706503300000) (1024K)]
  0x000070658c2f6700 JavaThread "jar transforms Thread 8"           [_thread_blocked, id=268237, stack(0x0000706503b00000,0x0000706503c00000) (1024K)]
  0x000070658c105ff0 JavaThread "Build operations"                  [_thread_blocked, id=268256, stack(0x000070661072f000,0x000070661082f000) (1024K)]
  0x000070658c106d20 JavaThread "Build operations Thread 2"         [_thread_blocked, id=268257, stack(0x00007065e4dfb000,0x00007065e4efb000) (1024K)]
  0x000070658c107ab0 JavaThread "Build operations Thread 3"         [_thread_blocked, id=268258, stack(0x00007065e42fb000,0x00007065e43fb000) (1024K)]
  0x000070658c1088f0 JavaThread "Build operations Thread 4"         [_thread_blocked, id=268259, stack(0x00007065e68fe000,0x00007065e69fe000) (1024K)]
  0x000070658c1096d0 JavaThread "Build operations Thread 5"         [_thread_blocked, id=268265, stack(0x00007065e65fe000,0x00007065e66fe000) (1024K)]
  0x000070658c10a520 JavaThread "Build operations Thread 6"         [_thread_blocked, id=268266, stack(0x00007065e4afb000,0x00007065e4bfb000) (1024K)]
  0x000070658c10b700 JavaThread "Build operations Thread 7"         [_thread_blocked, id=268267, stack(0x00007065e45fb000,0x00007065e46fb000) (1024K)]
  0x000070658c10c9a0 JavaThread "Build operations Thread 8"         [_thread_blocked, id=268269, stack(0x00007065e46fb000,0x00007065e47fb000) (1024K)]
  0x000070658c126cd0 JavaThread "Kotlin DSL Writer"                 [_thread_blocked, id=268274, stack(0x00007065e41fb000,0x00007065e42fb000) (1024K)]
  0x000070658c556230 JavaThread "pool-1-thread-1"                   [_thread_blocked, id=268317, stack(0x00007065e67fe000,0x00007065e68fe000) (1024K)]
  0x000070658c874f40 JavaThread "DefaultDispatcher-worker-1" daemon [_thread_blocked, id=268327, stack(0x0000706503e00000,0x0000706503f00000) (1024K)]
  0x000070658c875830 JavaThread "DefaultDispatcher-worker-2" daemon [_thread_blocked, id=268328, stack(0x00007065e5bfb000,0x00007065e5cfb000) (1024K)]
  0x0000706510008b80 JavaThread "DefaultDispatcher-worker-3" daemon [_thread_blocked, id=268329, stack(0x00007065e50fb000,0x00007065e51fb000) (1024K)]
Total: 56

Other Threads:
  0x000070663417d240 VMThread "VM Thread"                           [id=21534, stack(0x0000706611879000,0x0000706611979000) (1024K)]
  0x000070663416b700 WatcherThread "VM Periodic Task Thread"        [id=21533, stack(0x000070661197a000,0x0000706611a7a000) (1024K)]
  0x00007066340496f0 WorkerThread "GC Thread#0"                     [id=21525, stack(0x0000706638622000,0x0000706638722000) (1024K)]
  0x00007065e0007a50 WorkerThread "GC Thread#1"                     [id=21546, stack(0x0000706610300000,0x0000706610400000) (1024K)]
  0x00007065e0008560 WorkerThread "GC Thread#2"                     [id=21547, stack(0x00007066101ff000,0x00007066102ff000) (1024K)]
=>0x00007065e0009070 WorkerThread "GC Thread#3"                     [id=21548, stack(0x00007066100fe000,0x00007066101fe000) (1024K)]
  0x00007065e0009b80 WorkerThread "GC Thread#4"                     [id=21549, stack(0x00007065e6f00000,0x00007065e7000000) (1024K)]
  0x00007065e000a690 WorkerThread "GC Thread#5"                     [id=21550, stack(0x00007065e6dff000,0x00007065e6eff000) (1024K)]
  0x00007065e000caf0 WorkerThread "GC Thread#6"                     [id=21564, stack(0x00007065e5ffe000,0x00007065e60fe000) (1024K)]
  0x00007065e000c2b0 WorkerThread "GC Thread#7"                     [id=21565, stack(0x00007065e5efd000,0x00007065e5ffd000) (1024K)]
  0x000070663404ec30 ConcurrentGCThread "G1 Main Marker"            [id=21526, stack(0x0000706638521000,0x0000706638621000) (1024K)]
  0x000070663404faf0 WorkerThread "G1 Conc#0"                       [id=21527, stack(0x0000706638420000,0x0000706638520000) (1024K)]
  0x0000706618000d80 WorkerThread "G1 Conc#1"                       [id=21566, stack(0x00007065e5dfc000,0x00007065e5efc000) (1024K)]
  0x0000706634159e80 ConcurrentGCThread "G1 Refine#0"               [id=21529, stack(0x0000706611bfd000,0x0000706611cfd000) (1024K)]
  0x000070663415ad60 ConcurrentGCThread "G1 Service"                [id=21530, stack(0x0000706611afc000,0x0000706611bfc000) (1024K)]
Total: 15

Threads with active compile tasks:
C2 CompilerThread0  11621060 34319 %     4       org.jetbrains.org.objectweb.asm.ClassReader::readUtfNonAscii @ 44 (191 bytes)
C1 CompilerThread0  11621060 34323   !   3       org.jetbrains.kotlin.metadata.ProtoBuf$TypeParameter::<init> (753 bytes)
Total: 2

VM state: at safepoint (normal execution)

VM Mutex/Monitor currently owned by a thread:  ([mutex/lock_event])
[0x000070663ad29ed8] Threads_lock - owner thread: 0x000070663417d240
[0x000070663ad29dd8] Heap_lock - owner thread: 0x0000706540008e60

Heap address: 0x00000000e0000000, size: 512 MB, Compressed Oops mode: 32-bit

CDS archive(s) mapped at: [0x00007065eb000000-0x00007065ebc9c000-0x00007065ebc9c000), size 13221888, SharedBaseAddress: 0x00007065eb000000, ArchiveRelocationMode: 1.
Compressed class space mapped at: 0x00007065ec000000-0x0000706600000000, reserved size: 335544320
Narrow klass base: 0x00007065eb000000, Narrow klass shift: 0, Narrow klass range: 0x100000000

GC Precious Log:
 CardTable entry size: 512
 Card Set container configuration: InlinePtr #cards 5 size 8 Array Of Cards #cards 12 size 40 Howl #buckets 4 coarsen threshold 1843 Howl Bitmap #cards 512 size 80 coarsen threshold 460 Card regions per heap region 1 cards per card region 2048
 CPUs: 8 total, 8 available
 Memory: 15716M
 Large Page Support: Disabled
 NUMA Support: Disabled
 Compressed Oops: Enabled (32-bit)
 Heap Region Size: 1M
 Heap Min Capacity: 256M
 Heap Initial Capacity: 256M
 Heap Max Capacity: 512M
 Pre-touch: Disabled
 Parallel Workers: 8
 Concurrent Workers: 2
 Concurrent Refinement Workers: 8
 Periodic GC: Disabled

Heap:
 garbage-first heap   total 498688K, used 264352K [0x00000000e0000000, 0x0000000100000000)
  region size 1024K, 74 young (75776K), 9 survivors (9216K)
 Metaspace       used 160641K, committed 162624K, reserved 524288K
  class space    used 20320K, committed 21248K, reserved 327680K

Heap Regions: E=young(eden), S=young(survivor), O=old, HS=humongous(starts), HC=humongous(continues), CS=collection set, F=free, TAMS=top-at-mark-start, PB=parsable bottom
|   0|0x00000000e0000000, 0x00000000e0100000, 0x00000000e0100000|100%|HS|  |TAMS 0x00000000e0100000| PB 0x00000000e0000000| Complete 
|   1|0x00000000e0100000, 0x00000000e0200000, 0x00000000e0200000|100%|HC|  |TAMS 0x00000000e0200000| PB 0x00000000e0100000| Complete 
|   2|0x00000000e0200000, 0x00000000e0300000, 0x00000000e0300000|100%|HC|  |TAMS 0x00000000e0300000| PB 0x00000000e0200000| Complete 
|   3|0x00000000e0300000, 0x00000000e0400000, 0x00000000e0400000|100%|HC|  |TAMS 0x00000000e0400000| PB 0x00000000e0300000| Complete 
|   4|0x00000000e0400000, 0x00000000e0500000, 0x00000000e0500000|100%| O|  |TAMS 0x00000000e0500000| PB 0x00000000e0400000| Untracked 
|   5|0x00000000e0500000, 0x00000000e0600000, 0x00000000e0600000|100%| O|  |TAMS 0x00000000e0600000| PB 0x00000000e0500000| Untracked 
|   6|0x00000000e0600000, 0x00000000e0700000, 0x00000000e0700000|100%| O|  |TAMS 0x00000000e0700000| PB 0x00000000e0600000| Untracked 
|   7|0x00000000e0700000, 0x00000000e07fffc8, 0x00000000e0800000| 99%| O|  |TAMS 0x00000000e07fffc8| PB 0x00000000e0700000| Untracked 
|   8|0x00000000e0800000, 0x00000000e0900000, 0x00000000e0900000|100%|HS|  |TAMS 0x00000000e0900000| PB 0x00000000e0800000| Complete 
|   9|0x00000000e0900000, 0x00000000e09fffe0, 0x00000000e0a00000| 99%| O|  |TAMS 0x00000000e09fffe0| PB 0x00000000e0900000| Untracked 
|  10|0x00000000e0a00000, 0x00000000e0afffe8, 0x00000000e0b00000| 99%| O|  |TAMS 0x00000000e0afffe8| PB 0x00000000e0a00000| Untracked 
|  11|0x00000000e0b00000, 0x00000000e0c00000, 0x00000000e0c00000|100%| O|  |TAMS 0x00000000e0c00000| PB 0x00000000e0b00000| Untracked 
|  12|0x00000000e0c00000, 0x00000000e0cffff8, 0x00000000e0d00000| 99%| O|  |TAMS 0x00000000e0cffff8| PB 0x00000000e0c00000| Untracked 
|  13|0x00000000e0d00000, 0x00000000e0dffff0, 0x00000000e0e00000| 99%| O|  |TAMS 0x00000000e0dffff0| PB 0x00000000e0d00000| Untracked 
|  14|0x00000000e0e00000, 0x00000000e0f00000, 0x00000000e0f00000|100%| O|  |TAMS 0x00000000e0f00000| PB 0x00000000e0e00000| Untracked 
|  15|0x00000000e0f00000, 0x00000000e0ffffd8, 0x00000000e1000000| 99%| O|  |TAMS 0x00000000e0ffffd8| PB 0x00000000e0f00000| Untracked 
|  16|0x00000000e1000000, 0x00000000e1100000, 0x00000000e1100000|100%| O|  |TAMS 0x00000000e1100000| PB 0x00000000e1000000| Untracked 
|  17|0x00000000e1100000, 0x00000000e11ffff0, 0x00000000e1200000| 99%| O|  |TAMS 0x00000000e11ffff0| PB 0x00000000e1100000| Untracked 
|  18|0x00000000e1200000, 0x00000000e12ffff0, 0x00000000e1300000| 99%| O|  |TAMS 0x00000000e12ffff0| PB 0x00000000e1200000| Untracked 
|  19|0x00000000e1300000, 0x00000000e13fff78, 0x00000000e1400000| 99%| O|  |TAMS 0x00000000e13fff78| PB 0x00000000e1300000| Untracked 
|  20|0x00000000e1400000, 0x00000000e14fcc90, 0x00000000e1500000| 98%| O|  |TAMS 0x00000000e14fcc90| PB 0x00000000e1400000| Untracked 
|  21|0x00000000e1500000, 0x00000000e15fe468, 0x00000000e1600000| 99%| O|  |TAMS 0x00000000e15fe468| PB 0x00000000e1500000| Untracked 
|  22|0x00000000e1600000, 0x00000000e16ffff0, 0x00000000e1700000| 99%| O|  |TAMS 0x00000000e16ffff0| PB 0x00000000e1600000| Untracked 
|  23|0x00000000e1700000, 0x00000000e17ffff8, 0x00000000e1800000| 99%| O|  |TAMS 0x00000000e17ffff8| PB 0x00000000e1700000| Untracked 
|  24|0x00000000e1800000, 0x00000000e1900000, 0x00000000e1900000|100%|HS|  |TAMS 0x00000000e1900000| PB 0x00000000e1800000| Complete 
|  25|0x00000000e1900000, 0x00000000e1a00000, 0x00000000e1a00000|100%|HC|  |TAMS 0x00000000e1a00000| PB 0x00000000e1900000| Complete 
|  26|0x00000000e1a00000, 0x00000000e1b00000, 0x00000000e1b00000|100%|HS|  |TAMS 0x00000000e1b00000| PB 0x00000000e1a00000| Complete 
|  27|0x00000000e1b00000, 0x00000000e1c00000, 0x00000000e1c00000|100%|HC|  |TAMS 0x00000000e1c00000| PB 0x00000000e1b00000| Complete 
|  28|0x00000000e1c00000, 0x00000000e1d00000, 0x00000000e1d00000|100%|HC|  |TAMS 0x00000000e1d00000| PB 0x00000000e1c00000| Complete 
|  29|0x00000000e1d00000, 0x00000000e1e00000, 0x00000000e1e00000|100%|HC|  |TAMS 0x00000000e1e00000| PB 0x00000000e1d00000| Complete 
|  30|0x00000000e1e00000, 0x00000000e1f00000, 0x00000000e1f00000|100%|HS|  |TAMS 0x00000000e1f00000| PB 0x00000000e1e00000| Complete 
|  31|0x00000000e1f00000, 0x00000000e2000000, 0x00000000e2000000|100%|HC|  |TAMS 0x00000000e2000000| PB 0x00000000e1f00000| Complete 
|  32|0x00000000e2000000, 0x00000000e2100000, 0x00000000e2100000|100%|HS|  |TAMS 0x00000000e2100000| PB 0x00000000e2000000| Complete 
|  33|0x00000000e2100000, 0x00000000e2200000, 0x00000000e2200000|100%|HC|  |TAMS 0x00000000e2200000| PB 0x00000000e2100000| Complete 
|  34|0x00000000e2200000, 0x00000000e2300000, 0x00000000e2300000|100%|HC|  |TAMS 0x00000000e2300000| PB 0x00000000e2200000| Complete 
|  35|0x00000000e2300000, 0x00000000e2400000, 0x00000000e2400000|100%|HC|  |TAMS 0x00000000e2400000| PB 0x00000000e2300000| Complete 
|  36|0x00000000e2400000, 0x00000000e24ffff8, 0x00000000e2500000| 99%| O|  |TAMS 0x00000000e24ffff8| PB 0x00000000e2400000| Untracked 
|  37|0x00000000e2500000, 0x00000000e25f4688, 0x00000000e2600000| 95%| O|  |TAMS 0x00000000e25f4688| PB 0x00000000e2500000| Untracked 
|  38|0x00000000e2600000, 0x00000000e2700000, 0x00000000e2700000|100%| O|  |TAMS 0x00000000e2700000| PB 0x00000000e2600000| Untracked 
|  39|0x00000000e2700000, 0x00000000e2800000, 0x00000000e2800000|100%| O|  |TAMS 0x00000000e2800000| PB 0x00000000e2700000| Untracked 
|  40|0x00000000e2800000, 0x00000000e2900000, 0x00000000e2900000|100%| O|  |TAMS 0x00000000e2900000| PB 0x00000000e2800000| Untracked 
|  41|0x00000000e2900000, 0x00000000e29ffff8, 0x00000000e2a00000| 99%| O|  |TAMS 0x00000000e29ffff8| PB 0x00000000e2900000| Untracked 
|  42|0x00000000e2a00000, 0x00000000e2afffe8, 0x00000000e2b00000| 99%| O|  |TAMS 0x00000000e2afffe8| PB 0x00000000e2a00000| Untracked 
|  43|0x00000000e2b00000, 0x00000000e2bfffe0, 0x00000000e2c00000| 99%| O|  |TAMS 0x00000000e2bfffe0| PB 0x00000000e2b00000| Untracked 
|  44|0x00000000e2c00000, 0x00000000e2cfa5d0, 0x00000000e2d00000| 97%| O|  |TAMS 0x00000000e2cfa5d0| PB 0x00000000e2c00000| Untracked 
|  45|0x00000000e2d00000, 0x00000000e2dffff0, 0x00000000e2e00000| 99%| O|  |TAMS 0x00000000e2dffff0| PB 0x00000000e2d00000| Untracked 
|  46|0x00000000e2e00000, 0x00000000e2effff8, 0x00000000e2f00000| 99%| O|  |TAMS 0x00000000e2effff8| PB 0x00000000e2e00000| Untracked 
|  47|0x00000000e2f00000, 0x00000000e2ffffe8, 0x00000000e3000000| 99%| O|  |TAMS 0x00000000e2ffffe8| PB 0x00000000e2f00000| Untracked 
|  48|0x00000000e3000000, 0x00000000e3100000, 0x00000000e3100000|100%| O|  |TAMS 0x00000000e3100000| PB 0x00000000e3000000| Untracked 
|  49|0x00000000e3100000, 0x00000000e31ffff0, 0x00000000e3200000| 99%| O|  |TAMS 0x00000000e31ffff0| PB 0x00000000e3100000| Untracked 
|  50|0x00000000e3200000, 0x00000000e32fffd8, 0x00000000e3300000| 99%| O|  |TAMS 0x00000000e32fffd8| PB 0x00000000e3200000| Untracked 
|  51|0x00000000e3300000, 0x00000000e33fffb0, 0x00000000e3400000| 99%| O|  |TAMS 0x00000000e33fffb0| PB 0x00000000e3300000| Untracked 
|  52|0x00000000e3400000, 0x00000000e34fffe8, 0x00000000e3500000| 99%| O|  |TAMS 0x00000000e34fffe8| PB 0x00000000e3400000| Untracked 
|  53|0x00000000e3500000, 0x00000000e3600000, 0x00000000e3600000|100%| O|  |TAMS 0x00000000e3600000| PB 0x00000000e3500000| Untracked 
|  54|0x00000000e3600000, 0x00000000e36fe8a8, 0x00000000e3700000| 99%| O|  |TAMS 0x00000000e36fe8a8| PB 0x00000000e3600000| Untracked 
|  55|0x00000000e3700000, 0x00000000e37e5998, 0x00000000e3800000| 89%| O|  |TAMS 0x00000000e37e5998| PB 0x00000000e3700000| Untracked 
|  56|0x00000000e3800000, 0x00000000e38ffff0, 0x00000000e3900000| 99%| O|  |TAMS 0x00000000e38ffff0| PB 0x00000000e3800000| Untracked 
|  57|0x00000000e3900000, 0x00000000e39fffb0, 0x00000000e3a00000| 99%| O|  |TAMS 0x00000000e39fffb0| PB 0x00000000e3900000| Untracked 
|  58|0x00000000e3a00000, 0x00000000e3affff0, 0x00000000e3b00000| 99%| O|  |TAMS 0x00000000e3affff0| PB 0x00000000e3a00000| Untracked 
|  59|0x00000000e3b00000, 0x00000000e3c00000, 0x00000000e3c00000|100%| O|  |TAMS 0x00000000e3c00000| PB 0x00000000e3b00000| Untracked 
|  60|0x00000000e3c00000, 0x00000000e3d00000, 0x00000000e3d00000|100%| O|  |TAMS 0x00000000e3d00000| PB 0x00000000e3c00000| Untracked 
|  61|0x00000000e3d00000, 0x00000000e3dfffe8, 0x00000000e3e00000| 99%| O|  |TAMS 0x00000000e3dfffe8| PB 0x00000000e3d00000| Untracked 
|  62|0x00000000e3e00000, 0x00000000e3effff0, 0x00000000e3f00000| 99%| O|  |TAMS 0x00000000e3effff0| PB 0x00000000e3e00000| Untracked 
|  63|0x00000000e3f00000, 0x00000000e3ffff00, 0x00000000e4000000| 99%| O|  |TAMS 0x00000000e3ffff00| PB 0x00000000e3f00000| Untracked 
|  64|0x00000000e4000000, 0x00000000e4100000, 0x00000000e4100000|100%| O|  |TAMS 0x00000000e4100000| PB 0x00000000e4000000| Untracked 
|  65|0x00000000e4100000, 0x00000000e41ffff8, 0x00000000e4200000| 99%| O|  |TAMS 0x00000000e41ffff8| PB 0x00000000e4100000| Untracked 
|  66|0x00000000e4200000, 0x00000000e42ffff0, 0x00000000e4300000| 99%| O|  |TAMS 0x00000000e42ffff0| PB 0x00000000e4200000| Untracked 
|  67|0x00000000e4300000, 0x00000000e43ffff0, 0x00000000e4400000| 99%| O|  |TAMS 0x00000000e43ffff0| PB 0x00000000e4300000| Untracked 
|  68|0x00000000e4400000, 0x00000000e44ffff8, 0x00000000e4500000| 99%| O|  |TAMS 0x00000000e44ffff8| PB 0x00000000e4400000| Untracked 
|  69|0x00000000e4500000, 0x00000000e45f82a8, 0x00000000e4600000| 96%| O|  |TAMS 0x00000000e45f82a8| PB 0x00000000e4500000| Untracked 
|  70|0x00000000e4600000, 0x00000000e46ffff0, 0x00000000e4700000| 99%| O|  |TAMS 0x00000000e46ffff0| PB 0x00000000e4600000| Untracked 
|  71|0x00000000e4700000, 0x00000000e47ffff8, 0x00000000e4800000| 99%| O|  |TAMS 0x00000000e47ffff8| PB 0x00000000e4700000| Untracked 
|  72|0x00000000e4800000, 0x00000000e48ffff0, 0x00000000e4900000| 99%| O|  |TAMS 0x00000000e48ffff0| PB 0x00000000e4800000| Untracked 
|  73|0x00000000e4900000, 0x00000000e4a00000, 0x00000000e4a00000|100%| O|  |TAMS 0x00000000e4a00000| PB 0x00000000e4900000| Untracked 
|  74|0x00000000e4a00000, 0x00000000e4afffd8, 0x00000000e4b00000| 99%| O|  |TAMS 0x00000000e4afffd8| PB 0x00000000e4a00000| Untracked 
|  75|0x00000000e4b00000, 0x00000000e4bffff8, 0x00000000e4c00000| 99%| O|  |TAMS 0x00000000e4bffff8| PB 0x00000000e4b00000| Untracked 
|  76|0x00000000e4c00000, 0x00000000e4cffff0, 0x00000000e4d00000| 99%| O|  |TAMS 0x00000000e4cffff0| PB 0x00000000e4c00000| Untracked 
|  77|0x00000000e4d00000, 0x00000000e4e00000, 0x00000000e4e00000|100%| O|  |TAMS 0x00000000e4e00000| PB 0x00000000e4d00000| Untracked 
|  78|0x00000000e4e00000, 0x00000000e4effff8, 0x00000000e4f00000| 99%| O|  |TAMS 0x00000000e4effff8| PB 0x00000000e4e00000| Untracked 
|  79|0x00000000e4f00000, 0x00000000e4fffff0, 0x00000000e5000000| 99%| O|  |TAMS 0x00000000e4fffff0| PB 0x00000000e4f00000| Untracked 
|  80|0x00000000e5000000, 0x00000000e50fffe8, 0x00000000e5100000| 99%| O|  |TAMS 0x00000000e50fffe8| PB 0x00000000e5000000| Untracked 
|  81|0x00000000e5100000, 0x00000000e51ffff8, 0x00000000e5200000| 99%| O|  |TAMS 0x00000000e51ffff8| PB 0x00000000e5100000| Untracked 
|  82|0x00000000e5200000, 0x00000000e52fff60, 0x00000000e5300000| 99%| O|  |TAMS 0x00000000e52fff60| PB 0x00000000e5200000| Untracked 
|  83|0x00000000e5300000, 0x00000000e53ffc18, 0x00000000e5400000| 99%| O|  |TAMS 0x00000000e53ffc18| PB 0x00000000e5300000| Untracked 
|  84|0x00000000e5400000, 0x00000000e54ffff0, 0x00000000e5500000| 99%| O|  |TAMS 0x00000000e54ffff0| PB 0x00000000e5400000| Untracked 
|  85|0x00000000e5500000, 0x00000000e55ffff0, 0x00000000e5600000| 99%| O|  |TAMS 0x00000000e55ffff0| PB 0x00000000e5500000| Untracked 
|  86|0x00000000e5600000, 0x00000000e56ffff0, 0x00000000e5700000| 99%| O|  |TAMS 0x00000000e56ffff0| PB 0x00000000e5600000| Untracked 
|  87|0x00000000e5700000, 0x00000000e57e9390, 0x00000000e5800000| 91%| O|  |TAMS 0x00000000e57e9390| PB 0x00000000e5700000| Untracked 
|  88|0x00000000e5800000, 0x00000000e58ffff8, 0x00000000e5900000| 99%| O|  |TAMS 0x00000000e58ffff8| PB 0x00000000e5800000| Untracked 
|  89|0x00000000e5900000, 0x00000000e59fffd8, 0x00000000e5a00000| 99%| O|  |TAMS 0x00000000e59fffd8| PB 0x00000000e5900000| Untracked 
|  90|0x00000000e5a00000, 0x00000000e5afffc8, 0x00000000e5b00000| 99%| O|  |TAMS 0x00000000e5afffc8| PB 0x00000000e5a00000| Untracked 
|  91|0x00000000e5b00000, 0x00000000e5bfffb8, 0x00000000e5c00000| 99%| O|  |TAMS 0x00000000e5bfffb8| PB 0x00000000e5b00000| Untracked 
|  92|0x00000000e5c00000, 0x00000000e5cff9e8, 0x00000000e5d00000| 99%| O|  |TAMS 0x00000000e5cff9e8| PB 0x00000000e5c00000| Untracked 
|  93|0x00000000e5d00000, 0x00000000e5e00000, 0x00000000e5e00000|100%| O|  |TAMS 0x00000000e5e00000| PB 0x00000000e5d00000| Untracked 
|  94|0x00000000e5e00000, 0x00000000e5ec7908, 0x00000000e5f00000| 77%| O|  |TAMS 0x00000000e5ec7908| PB 0x00000000e5e00000| Untracked 
|  95|0x00000000e5f00000, 0x00000000e6000000, 0x00000000e6000000|100%| O|  |TAMS 0x00000000e6000000| PB 0x00000000e5f00000| Untracked 
|  96|0x00000000e6000000, 0x00000000e6100000, 0x00000000e6100000|100%| O|  |TAMS 0x00000000e6100000| PB 0x00000000e6000000| Untracked 
|  97|0x00000000e6100000, 0x00000000e6200000, 0x00000000e6200000|100%| O|  |TAMS 0x00000000e6100000| PB 0x00000000e6100000| Untracked 
|  98|0x00000000e6200000, 0x00000000e6300000, 0x00000000e6300000|100%| O|  |TAMS 0x00000000e6300000| PB 0x00000000e6200000| Untracked 
|  99|0x00000000e6300000, 0x00000000e63ffff0, 0x00000000e6400000| 99%| O|  |TAMS 0x00000000e63ffff0| PB 0x00000000e6300000| Untracked 
| 100|0x00000000e6400000, 0x00000000e64fffc0, 0x00000000e6500000| 99%| O|  |TAMS 0x00000000e64fffc0| PB 0x00000000e6400000| Untracked 
| 101|0x00000000e6500000, 0x00000000e6594968, 0x00000000e6600000| 58%| O|  |TAMS 0x00000000e6594968| PB 0x00000000e6500000| Untracked 
| 102|0x00000000e6600000, 0x00000000e6650fb8, 0x00000000e6700000| 31%| O|  |TAMS 0x00000000e6650fb8| PB 0x00000000e6600000| Untracked 
| 103|0x00000000e6700000, 0x00000000e67fffe8, 0x00000000e6800000| 99%| O|  |TAMS 0x00000000e67fffe8| PB 0x00000000e6700000| Untracked 
| 104|0x00000000e6800000, 0x00000000e6833798, 0x00000000e6900000| 20%| O|  |TAMS 0x00000000e6833798| PB 0x00000000e6800000| Untracked 
| 105|0x00000000e6900000, 0x00000000e6a00000, 0x00000000e6a00000|100%| O|  |TAMS 0x00000000e6900000| PB 0x00000000e6900000| Untracked 
| 106|0x00000000e6a00000, 0x00000000e6b00000, 0x00000000e6b00000|100%| O|  |TAMS 0x00000000e6a00000| PB 0x00000000e6a00000| Untracked 
| 107|0x00000000e6b00000, 0x00000000e6c00000, 0x00000000e6c00000|100%| O|  |TAMS 0x00000000e6c00000| PB 0x00000000e6b00000| Untracked 
| 108|0x00000000e6c00000, 0x00000000e6d00000, 0x00000000e6d00000|100%| O|  |TAMS 0x00000000e6d00000| PB 0x00000000e6c00000| Untracked 
| 109|0x00000000e6d00000, 0x00000000e6dffff8, 0x00000000e6e00000| 99%| O|  |TAMS 0x00000000e6dffff8| PB 0x00000000e6d00000| Untracked 
| 110|0x00000000e6e00000, 0x00000000e6f00000, 0x00000000e6f00000|100%| O|  |TAMS 0x00000000e6f00000| PB 0x00000000e6e00000| Untracked 
| 111|0x00000000e6f00000, 0x00000000e7000000, 0x00000000e7000000|100%| O|  |TAMS 0x00000000e7000000| PB 0x00000000e6f00000| Untracked 
| 112|0x00000000e7000000, 0x00000000e70fffb0, 0x00000000e7100000| 99%| O|  |TAMS 0x00000000e70fffb0| PB 0x00000000e7000000| Untracked 
| 113|0x00000000e7100000, 0x00000000e7200000, 0x00000000e7200000|100%| O|  |TAMS 0x00000000e7200000| PB 0x00000000e7100000| Untracked 
| 114|0x00000000e7200000, 0x00000000e72f6e68, 0x00000000e7300000| 96%| O|  |TAMS 0x00000000e72f6e68| PB 0x00000000e7200000| Untracked 
| 115|0x00000000e7300000, 0x00000000e7400000, 0x00000000e7400000|100%| O|  |TAMS 0x00000000e7400000| PB 0x00000000e7300000| Untracked 
| 116|0x00000000e7400000, 0x00000000e7500000, 0x00000000e7500000|100%| O|  |TAMS 0x00000000e7500000| PB 0x00000000e7400000| Untracked 
| 117|0x00000000e7500000, 0x00000000e7600000, 0x00000000e7600000|100%| O|  |TAMS 0x00000000e7600000| PB 0x00000000e7500000| Untracked 
| 118|0x00000000e7600000, 0x00000000e76ffff8, 0x00000000e7700000| 99%| O|  |TAMS 0x00000000e76ffff8| PB 0x00000000e7600000| Untracked 
| 119|0x00000000e7700000, 0x00000000e776e848, 0x00000000e7800000| 43%| O|  |TAMS 0x00000000e776e848| PB 0x00000000e7700000| Untracked 
| 120|0x00000000e7800000, 0x00000000e7900000, 0x00000000e7900000|100%| O|  |TAMS 0x00000000e7900000| PB 0x00000000e7800000| Untracked 
| 121|0x00000000e7900000, 0x00000000e7a00000, 0x00000000e7a00000|100%| O|  |TAMS 0x00000000e7a00000| PB 0x00000000e7900000| Untracked 
| 122|0x00000000e7a00000, 0x00000000e7aa04e0, 0x00000000e7b00000| 62%| O|  |TAMS 0x00000000e7aa04e0| PB 0x00000000e7a00000| Untracked 
| 123|0x00000000e7b00000, 0x00000000e7c00000, 0x00000000e7c00000|100%| O|  |TAMS 0x00000000e7c00000| PB 0x00000000e7b00000| Untracked 
| 124|0x00000000e7c00000, 0x00000000e7d00000, 0x00000000e7d00000|100%| O|  |TAMS 0x00000000e7d00000| PB 0x00000000e7c00000| Untracked 
| 125|0x00000000e7d00000, 0x00000000e7e00000, 0x00000000e7e00000|100%| O|  |TAMS 0x00000000e7e00000| PB 0x00000000e7d00000| Untracked 
| 126|0x00000000e7e00000, 0x00000000e7f00000, 0x00000000e7f00000|100%| O|  |TAMS 0x00000000e7f00000| PB 0x00000000e7e00000| Untracked 
| 127|0x00000000e7f00000, 0x00000000e8000000, 0x00000000e8000000|100%| O|  |TAMS 0x00000000e8000000| PB 0x00000000e7f00000| Untracked 
| 128|0x00000000e8000000, 0x00000000e8100000, 0x00000000e8100000|100%| O|  |TAMS 0x00000000e8100000| PB 0x00000000e8000000| Untracked 
| 129|0x00000000e8100000, 0x00000000e8193738, 0x00000000e8200000| 57%| O|  |TAMS 0x00000000e8193738| PB 0x00000000e8100000| Untracked 
| 130|0x00000000e8200000, 0x00000000e8300000, 0x00000000e8300000|100%| O|  |TAMS 0x00000000e8300000| PB 0x00000000e8200000| Untracked 
| 131|0x00000000e8300000, 0x00000000e8400000, 0x00000000e8400000|100%| O|  |TAMS 0x00000000e8400000| PB 0x00000000e8300000| Untracked 
| 132|0x00000000e8400000, 0x00000000e8500000, 0x00000000e8500000|100%| O|  |TAMS 0x00000000e8500000| PB 0x00000000e8400000| Untracked 
| 133|0x00000000e8500000, 0x00000000e8600000, 0x00000000e8600000|100%| O|  |TAMS 0x00000000e8600000| PB 0x00000000e8500000| Untracked 
| 134|0x00000000e8600000, 0x00000000e8700000, 0x00000000e8700000|100%| O|  |TAMS 0x00000000e8700000| PB 0x00000000e8600000| Untracked 
| 135|0x00000000e8700000, 0x00000000e8800000, 0x00000000e8800000|100%| O|  |TAMS 0x00000000e8800000| PB 0x00000000e8700000| Untracked 
| 136|0x00000000e8800000, 0x00000000e8900000, 0x00000000e8900000|100%| O|  |TAMS 0x00000000e8900000| PB 0x00000000e8800000| Untracked 
| 137|0x00000000e8900000, 0x00000000e8a00000, 0x00000000e8a00000|100%| O|  |TAMS 0x00000000e8a00000| PB 0x00000000e8900000| Untracked 
| 138|0x00000000e8a00000, 0x00000000e8b00000, 0x00000000e8b00000|100%| O|  |TAMS 0x00000000e8b00000| PB 0x00000000e8a00000| Untracked 
| 139|0x00000000e8b00000, 0x00000000e8c00000, 0x00000000e8c00000|100%| O|  |TAMS 0x00000000e8c00000| PB 0x00000000e8b00000| Untracked 
| 140|0x00000000e8c00000, 0x00000000e8d00000, 0x00000000e8d00000|100%| O|  |TAMS 0x00000000e8d00000| PB 0x00000000e8c00000| Untracked 
| 141|0x00000000e8d00000, 0x00000000e8e00000, 0x00000000e8e00000|100%| O|  |TAMS 0x00000000e8e00000| PB 0x00000000e8d00000| Untracked 
| 142|0x00000000e8e00000, 0x00000000e8f00000, 0x00000000e8f00000|100%| O|  |TAMS 0x00000000e8f00000| PB 0x00000000e8e00000| Untracked 
| 143|0x00000000e8f00000, 0x00000000e9000000, 0x00000000e9000000|100%| O|  |TAMS 0x00000000e9000000| PB 0x00000000e8f00000| Untracked 
| 144|0x00000000e9000000, 0x00000000e9100000, 0x00000000e9100000|100%| O|  |TAMS 0x00000000e9100000| PB 0x00000000e9000000| Untracked 
| 145|0x00000000e9100000, 0x00000000e9200000, 0x00000000e9200000|100%| O|  |TAMS 0x00000000e9200000| PB 0x00000000e9100000| Untracked 
| 146|0x00000000e9200000, 0x00000000e9300000, 0x00000000e9300000|100%| O|  |TAMS 0x00000000e9300000| PB 0x00000000e9200000| Untracked 
| 147|0x00000000e9300000, 0x00000000e9400000, 0x00000000e9400000|100%| O|  |TAMS 0x00000000e9400000| PB 0x00000000e9300000| Untracked 
| 148|0x00000000e9400000, 0x00000000e9500000, 0x00000000e9500000|100%| O|  |TAMS 0x00000000e9500000| PB 0x00000000e9400000| Untracked 
| 149|0x00000000e9500000, 0x00000000e9600000, 0x00000000e9600000|100%| O|  |TAMS 0x00000000e9600000| PB 0x00000000e9500000| Untracked 
| 150|0x00000000e9600000, 0x00000000e9700000, 0x00000000e9700000|100%| O|  |TAMS 0x00000000e9700000| PB 0x00000000e9600000| Untracked 
| 151|0x00000000e9700000, 0x00000000e9800000, 0x00000000e9800000|100%| O|  |TAMS 0x00000000e9800000| PB 0x00000000e9700000| Untracked 
| 152|0x00000000e9800000, 0x00000000e9900000, 0x00000000e9900000|100%| O|  |TAMS 0x00000000e9900000| PB 0x00000000e9800000| Untracked 
| 153|0x00000000e9900000, 0x00000000e9a00000, 0x00000000e9a00000|100%| O|  |TAMS 0x00000000e9a00000| PB 0x00000000e9900000| Untracked 
| 154|0x00000000e9a00000, 0x00000000e9b00000, 0x00000000e9b00000|100%| O|  |TAMS 0x00000000e9b00000| PB 0x00000000e9a00000| Untracked 
| 155|0x00000000e9b00000, 0x00000000e9c00000, 0x00000000e9c00000|100%| O|  |TAMS 0x00000000e9c00000| PB 0x00000000e9b00000| Untracked 
| 156|0x00000000e9c00000, 0x00000000e9d00000, 0x00000000e9d00000|100%| O|  |TAMS 0x00000000e9d00000| PB 0x00000000e9c00000| Untracked 
| 157|0x00000000e9d00000, 0x00000000e9e00000, 0x00000000e9e00000|100%| O|  |TAMS 0x00000000e9e00000| PB 0x00000000e9d00000| Untracked 
| 158|0x00000000e9e00000, 0x00000000e9f00000, 0x00000000e9f00000|100%| O|  |TAMS 0x00000000e9f00000| PB 0x00000000e9e00000| Untracked 
| 159|0x00000000e9f00000, 0x00000000ea000000, 0x00000000ea000000|100%| O|  |TAMS 0x00000000e9f00000| PB 0x00000000e9f00000| Untracked 
| 160|0x00000000ea000000, 0x00000000ea100000, 0x00000000ea100000|100%| O|  |TAMS 0x00000000ea000000| PB 0x00000000ea000000| Untracked 
| 161|0x00000000ea100000, 0x00000000ea200000, 0x00000000ea200000|100%| O|  |TAMS 0x00000000ea100000| PB 0x00000000ea100000| Untracked 
| 162|0x00000000ea200000, 0x00000000ea300000, 0x00000000ea300000|100%| O|  |TAMS 0x00000000ea200000| PB 0x00000000ea200000| Untracked 
| 163|0x00000000ea300000, 0x00000000ea400000, 0x00000000ea400000|100%| O|  |TAMS 0x00000000ea300000| PB 0x00000000ea300000| Untracked 
| 164|0x00000000ea400000, 0x00000000ea500000, 0x00000000ea500000|100%| O|  |TAMS 0x00000000ea400000| PB 0x00000000ea400000| Untracked 
| 165|0x00000000ea500000, 0x00000000ea600000, 0x00000000ea600000|100%| O|  |TAMS 0x00000000ea500000| PB 0x00000000ea500000| Untracked 
| 166|0x00000000ea600000, 0x00000000ea700000, 0x00000000ea700000|100%| O|  |TAMS 0x00000000ea600000| PB 0x00000000ea600000| Untracked 
| 167|0x00000000ea700000, 0x00000000ea800000, 0x00000000ea800000|100%| O|  |TAMS 0x00000000ea700000| PB 0x00000000ea700000| Untracked 
| 168|0x00000000ea800000, 0x00000000ea900000, 0x00000000ea900000|100%| O|  |TAMS 0x00000000ea800000| PB 0x00000000ea800000| Untracked 
| 169|0x00000000ea900000, 0x00000000eaa00000, 0x00000000eaa00000|100%| O|  |TAMS 0x00000000ea900000| PB 0x00000000ea900000| Untracked 
| 170|0x00000000eaa00000, 0x00000000eab00000, 0x00000000eab00000|100%| O|  |TAMS 0x00000000eaa00000| PB 0x00000000eaa00000| Untracked 
| 171|0x00000000eab00000, 0x00000000eac00000, 0x00000000eac00000|100%| O|  |TAMS 0x00000000eab00000| PB 0x00000000eab00000| Untracked 
| 172|0x00000000eac00000, 0x00000000ead00000, 0x00000000ead00000|100%| E|CS|TAMS 0x00000000eac00000| PB 0x00000000eac00000| Complete 
| 173|0x00000000ead00000, 0x00000000eae00000, 0x00000000eae00000|100%| E|CS|TAMS 0x00000000ead00000| PB 0x00000000ead00000| Complete 
| 174|0x00000000eae00000, 0x00000000eaf00000, 0x00000000eaf00000|100%| E|CS|TAMS 0x00000000eae00000| PB 0x00000000eae00000| Complete 
| 175|0x00000000eaf00000, 0x00000000eb000000, 0x00000000eb000000|100%| E|CS|TAMS 0x00000000eaf00000| PB 0x00000000eaf00000| Complete 
| 176|0x00000000eb000000, 0x00000000eb100000, 0x00000000eb100000|100%| E|CS|TAMS 0x00000000eb000000| PB 0x00000000eb000000| Complete 
| 177|0x00000000eb100000, 0x00000000eb200000, 0x00000000eb200000|100%| E|CS|TAMS 0x00000000eb100000| PB 0x00000000eb100000| Complete 
| 178|0x00000000eb200000, 0x00000000eb300000, 0x00000000eb300000|100%| E|CS|TAMS 0x00000000eb200000| PB 0x00000000eb200000| Complete 
| 179|0x00000000eb300000, 0x00000000eb400000, 0x00000000eb400000|100%| E|CS|TAMS 0x00000000eb300000| PB 0x00000000eb300000| Complete 
| 180|0x00000000eb400000, 0x00000000eb500000, 0x00000000eb500000|100%| E|CS|TAMS 0x00000000eb400000| PB 0x00000000eb400000| Complete 
| 181|0x00000000eb500000, 0x00000000eb600000, 0x00000000eb600000|100%| E|CS|TAMS 0x00000000eb500000| PB 0x00000000eb500000| Complete 
| 182|0x00000000eb600000, 0x00000000eb700000, 0x00000000eb700000|100%| E|CS|TAMS 0x00000000eb600000| PB 0x00000000eb600000| Complete 
| 183|0x00000000eb700000, 0x00000000eb800000, 0x00000000eb800000|100%| E|CS|TAMS 0x00000000eb700000| PB 0x00000000eb700000| Complete 
| 184|0x00000000eb800000, 0x00000000eb900000, 0x00000000eb900000|100%| E|CS|TAMS 0x00000000eb800000| PB 0x00000000eb800000| Complete 
| 185|0x00000000eb900000, 0x00000000eba00000, 0x00000000eba00000|100%| E|CS|TAMS 0x00000000eb900000| PB 0x00000000eb900000| Complete 
| 186|0x00000000eba00000, 0x00000000ebb00000, 0x00000000ebb00000|100%| E|CS|TAMS 0x00000000eba00000| PB 0x00000000eba00000| Complete 
| 187|0x00000000ebb00000, 0x00000000ebc00000, 0x00000000ebc00000|100%| E|CS|TAMS 0x00000000ebb00000| PB 0x00000000ebb00000| Complete 
| 188|0x00000000ebc00000, 0x00000000ebd00000, 0x00000000ebd00000|100%| E|CS|TAMS 0x00000000ebc00000| PB 0x00000000ebc00000| Complete 
| 189|0x00000000ebd00000, 0x00000000ebe00000, 0x00000000ebe00000|100%| E|CS|TAMS 0x00000000ebd00000| PB 0x00000000ebd00000| Complete 
| 190|0x00000000ebe00000, 0x00000000ebf00000, 0x00000000ebf00000|100%| E|CS|TAMS 0x00000000ebe00000| PB 0x00000000ebe00000| Complete 
| 191|0x00000000ebf00000, 0x00000000ec000000, 0x00000000ec000000|100%| E|CS|TAMS 0x00000000ebf00000| PB 0x00000000ebf00000| Complete 
| 192|0x00000000ec000000, 0x00000000ec100000, 0x00000000ec100000|100%| E|CS|TAMS 0x00000000ec000000| PB 0x00000000ec000000| Complete 
| 193|0x00000000ec100000, 0x00000000ec200000, 0x00000000ec200000|100%| E|CS|TAMS 0x00000000ec100000| PB 0x00000000ec100000| Complete 
| 194|0x00000000ec200000, 0x00000000ec300000, 0x00000000ec300000|100%| E|CS|TAMS 0x00000000ec200000| PB 0x00000000ec200000| Complete 
| 195|0x00000000ec300000, 0x00000000ec400000, 0x00000000ec400000|100%| O|  |TAMS 0x00000000ec300000| PB 0x00000000ec300000| Untracked 
| 196|0x00000000ec400000, 0x00000000ec500000, 0x00000000ec500000|100%| O|  |TAMS 0x00000000ec400000| PB 0x00000000ec400000| Untracked 
| 197|0x00000000ec500000, 0x00000000ec600000, 0x00000000ec600000|100%| O|  |TAMS 0x00000000ec500000| PB 0x00000000ec500000| Untracked 
| 198|0x00000000ec600000, 0x00000000ec700000, 0x00000000ec700000|100%| O|  |TAMS 0x00000000ec600000| PB 0x00000000ec600000| Untracked 
| 199|0x00000000ec700000, 0x00000000ec800000, 0x00000000ec800000|100%| O|  |TAMS 0x00000000ec700000| PB 0x00000000ec700000| Untracked 
| 200|0x00000000ec800000, 0x00000000ec900000, 0x00000000ec900000|100%| O|  |TAMS 0x00000000ec800000| PB 0x00000000ec800000| Untracked 
| 201|0x00000000ec900000, 0x00000000eca00000, 0x00000000eca00000|100%| O|  |TAMS 0x00000000ec900000| PB 0x00000000ec900000| Untracked 
| 202|0x00000000eca00000, 0x00000000ecb00000, 0x00000000ecb00000|100%| O|  |TAMS 0x00000000eca00000| PB 0x00000000eca00000| Untracked 
| 203|0x00000000ecb00000, 0x00000000ecc00000, 0x00000000ecc00000|100%| O|  |TAMS 0x00000000ecb00000| PB 0x00000000ecb00000| Untracked 
| 204|0x00000000ecc00000, 0x00000000ecd00000, 0x00000000ecd00000|100%| O|  |TAMS 0x00000000ecc00000| PB 0x00000000ecc00000| Untracked 
| 205|0x00000000ecd00000, 0x00000000ece00000, 0x00000000ece00000|100%| O|  |TAMS 0x00000000ecd00000| PB 0x00000000ecd00000| Untracked 
| 206|0x00000000ece00000, 0x00000000ecf00000, 0x00000000ecf00000|100%| O|  |TAMS 0x00000000ece00000| PB 0x00000000ece00000| Untracked 
| 207|0x00000000ecf00000, 0x00000000ed000000, 0x00000000ed000000|100%| O|  |TAMS 0x00000000ecf00000| PB 0x00000000ecf00000| Untracked 
| 208|0x00000000ed000000, 0x00000000ed100000, 0x00000000ed100000|100%| O|  |TAMS 0x00000000ed000000| PB 0x00000000ed000000| Untracked 
| 209|0x00000000ed100000, 0x00000000ed200000, 0x00000000ed200000|100%| O|  |TAMS 0x00000000ed100000| PB 0x00000000ed100000| Untracked 
| 210|0x00000000ed200000, 0x00000000ed300000, 0x00000000ed300000|100%| O|  |TAMS 0x00000000ed200000| PB 0x00000000ed200000| Untracked 
| 211|0x00000000ed300000, 0x00000000ed400000, 0x00000000ed400000|100%| O|  |TAMS 0x00000000ed300000| PB 0x00000000ed300000| Untracked 
| 212|0x00000000ed400000, 0x00000000ed500000, 0x00000000ed500000|100%| O|  |TAMS 0x00000000ed400000| PB 0x00000000ed400000| Untracked 
| 213|0x00000000ed500000, 0x00000000ed600000, 0x00000000ed600000|100%| O|  |TAMS 0x00000000ed500000| PB 0x00000000ed500000| Untracked 
| 214|0x00000000ed600000, 0x00000000ed700000, 0x00000000ed700000|100%| O|  |TAMS 0x00000000ed600000| PB 0x00000000ed600000| Untracked 
| 215|0x00000000ed700000, 0x00000000ed780000, 0x00000000ed800000| 50%| O|  |TAMS 0x00000000ed700000| PB 0x00000000ed700000| Untracked 
| 216|0x00000000ed800000, 0x00000000ed800000, 0x00000000ed900000|  0%| F|  |TAMS 0x00000000ed800000| PB 0x00000000ed800000| Untracked 
| 217|0x00000000ed900000, 0x00000000ed900000, 0x00000000eda00000|  0%| F|  |TAMS 0x00000000ed900000| PB 0x00000000ed900000| Untracked 
| 218|0x00000000eda00000, 0x00000000eda00000, 0x00000000edb00000|  0%| F|  |TAMS 0x00000000eda00000| PB 0x00000000eda00000| Untracked 
| 219|0x00000000edb00000, 0x00000000edb00000, 0x00000000edc00000|  0%| F|  |TAMS 0x00000000edb00000| PB 0x00000000edb00000| Untracked 
| 220|0x00000000edc00000, 0x00000000edc00000, 0x00000000edd00000|  0%| F|  |TAMS 0x00000000edc00000| PB 0x00000000edc00000| Untracked 
| 221|0x00000000edd00000, 0x00000000edd00000, 0x00000000ede00000|  0%| F|  |TAMS 0x00000000edd00000| PB 0x00000000edd00000| Untracked 
| 222|0x00000000ede00000, 0x00000000ede00000, 0x00000000edf00000|  0%| F|  |TAMS 0x00000000ede00000| PB 0x00000000ede00000| Untracked 
| 223|0x00000000edf00000, 0x00000000edf00000, 0x00000000ee000000|  0%| F|  |TAMS 0x00000000edf00000| PB 0x00000000edf00000| Untracked 
| 224|0x00000000ee000000, 0x00000000ee100000, 0x00000000ee100000|100%| E|CS|TAMS 0x00000000ee000000| PB 0x00000000ee000000| Complete 
| 225|0x00000000ee100000, 0x00000000ee200000, 0x00000000ee200000|100%| E|CS|TAMS 0x00000000ee100000| PB 0x00000000ee100000| Complete 
| 226|0x00000000ee200000, 0x00000000ee300000, 0x00000000ee300000|100%| E|CS|TAMS 0x00000000ee200000| PB 0x00000000ee200000| Complete 
| 227|0x00000000ee300000, 0x00000000ee400000, 0x00000000ee400000|100%| E|CS|TAMS 0x00000000ee300000| PB 0x00000000ee300000| Complete 
| 228|0x00000000ee400000, 0x00000000ee500000, 0x00000000ee500000|100%| E|CS|TAMS 0x00000000ee400000| PB 0x00000000ee400000| Complete 
| 229|0x00000000ee500000, 0x00000000ee600000, 0x00000000ee600000|100%| E|CS|TAMS 0x00000000ee500000| PB 0x00000000ee500000| Complete 
| 230|0x00000000ee600000, 0x00000000ee700000, 0x00000000ee700000|100%| E|CS|TAMS 0x00000000ee600000| PB 0x00000000ee600000| Complete 
| 231|0x00000000ee700000, 0x00000000ee800000, 0x00000000ee800000|100%| E|CS|TAMS 0x00000000ee700000| PB 0x00000000ee700000| Complete 
| 232|0x00000000ee800000, 0x00000000ee900000, 0x00000000ee900000|100%| E|CS|TAMS 0x00000000ee800000| PB 0x00000000ee800000| Complete 
| 233|0x00000000ee900000, 0x00000000eea00000, 0x00000000eea00000|100%| E|CS|TAMS 0x00000000ee900000| PB 0x00000000ee900000| Complete 
| 234|0x00000000eea00000, 0x00000000eeb00000, 0x00000000eeb00000|100%| E|CS|TAMS 0x00000000eea00000| PB 0x00000000eea00000| Complete 
| 235|0x00000000eeb00000, 0x00000000eec00000, 0x00000000eec00000|100%| E|CS|TAMS 0x00000000eeb00000| PB 0x00000000eeb00000| Complete 
| 236|0x00000000eec00000, 0x00000000eec00000, 0x00000000eed00000|  0%| F|  |TAMS 0x00000000eec00000| PB 0x00000000eec00000| Untracked 
| 237|0x00000000eed00000, 0x00000000eed00000, 0x00000000eee00000|  0%| F|  |TAMS 0x00000000eed00000| PB 0x00000000eed00000| Untracked 
| 238|0x00000000eee00000, 0x00000000eee00000, 0x00000000eef00000|  0%| F|  |TAMS 0x00000000eee00000| PB 0x00000000eee00000| Untracked 
| 239|0x00000000eef00000, 0x00000000eef00000, 0x00000000ef000000|  0%| F|  |TAMS 0x00000000eef00000| PB 0x00000000eef00000| Untracked 
| 240|0x00000000ef000000, 0x00000000ef000000, 0x00000000ef100000|  0%| F|  |TAMS 0x00000000ef000000| PB 0x00000000ef000000| Untracked 
| 241|0x00000000ef100000, 0x00000000ef100000, 0x00000000ef200000|  0%| F|  |TAMS 0x00000000ef100000| PB 0x00000000ef100000| Untracked 
| 242|0x00000000ef200000, 0x00000000ef200000, 0x00000000ef300000|  0%| F|  |TAMS 0x00000000ef200000| PB 0x00000000ef200000| Untracked 
| 243|0x00000000ef300000, 0x00000000ef300000, 0x00000000ef400000|  0%| F|  |TAMS 0x00000000ef300000| PB 0x00000000ef300000| Untracked 
| 244|0x00000000ef400000, 0x00000000ef400000, 0x00000000ef500000|  0%| F|  |TAMS 0x00000000ef400000| PB 0x00000000ef400000| Untracked 
| 245|0x00000000ef500000, 0x00000000ef500000, 0x00000000ef600000|  0%| F|  |TAMS 0x00000000ef500000| PB 0x00000000ef500000| Untracked 
| 246|0x00000000ef600000, 0x00000000ef600000, 0x00000000ef700000|  0%| F|  |TAMS 0x00000000ef600000| PB 0x00000000ef600000| Untracked 
| 247|0x00000000ef700000, 0x00000000ef700000, 0x00000000ef800000|  0%| F|  |TAMS 0x00000000ef700000| PB 0x00000000ef700000| Untracked 
| 248|0x00000000ef800000, 0x00000000ef800000, 0x00000000ef900000|  0%| F|  |TAMS 0x00000000ef800000| PB 0x00000000ef800000| Untracked 
| 249|0x00000000ef900000, 0x00000000ef900000, 0x00000000efa00000|  0%| F|  |TAMS 0x00000000ef900000| PB 0x00000000ef900000| Untracked 
| 250|0x00000000efa00000, 0x00000000efa00000, 0x00000000efb00000|  0%| F|  |TAMS 0x00000000efa00000| PB 0x00000000efa00000| Untracked 
| 251|0x00000000efb00000, 0x00000000efb00000, 0x00000000efc00000|  0%| F|  |TAMS 0x00000000efb00000| PB 0x00000000efb00000| Untracked 
| 252|0x00000000efc00000, 0x00000000efc00000, 0x00000000efd00000|  0%| F|  |TAMS 0x00000000efc00000| PB 0x00000000efc00000| Untracked 
| 253|0x00000000efd00000, 0x00000000efd00000, 0x00000000efe00000|  0%| F|  |TAMS 0x00000000efd00000| PB 0x00000000efd00000| Untracked 
| 254|0x00000000efe00000, 0x00000000efe00000, 0x00000000eff00000|  0%| F|  |TAMS 0x00000000efe00000| PB 0x00000000efe00000| Untracked 
| 255|0x00000000eff00000, 0x00000000eff00000, 0x00000000f0000000|  0%| F|  |TAMS 0x00000000eff00000| PB 0x00000000eff00000| Untracked 
| 256|0x00000000f0000000, 0x00000000f0000000, 0x00000000f0100000|  0%| F|  |TAMS 0x00000000f0000000| PB 0x00000000f0000000| Untracked 
| 257|0x00000000f0100000, 0x00000000f0100000, 0x00000000f0200000|  0%| F|  |TAMS 0x00000000f0100000| PB 0x00000000f0100000| Untracked 
| 258|0x00000000f0200000, 0x00000000f0200000, 0x00000000f0300000|  0%| F|  |TAMS 0x00000000f0200000| PB 0x00000000f0200000| Untracked 
| 259|0x00000000f0300000, 0x00000000f0300000, 0x00000000f0400000|  0%| F|  |TAMS 0x00000000f0300000| PB 0x00000000f0300000| Untracked 
| 260|0x00000000f0400000, 0x00000000f0400000, 0x00000000f0500000|  0%| F|  |TAMS 0x00000000f0400000| PB 0x00000000f0400000| Untracked 
| 261|0x00000000f0500000, 0x00000000f0500000, 0x00000000f0600000|  0%| F|  |TAMS 0x00000000f0500000| PB 0x00000000f0500000| Untracked 
| 262|0x00000000f0600000, 0x00000000f0600000, 0x00000000f0700000|  0%| F|  |TAMS 0x00000000f0600000| PB 0x00000000f0600000| Untracked 
| 263|0x00000000f0700000, 0x00000000f0700000, 0x00000000f0800000|  0%| F|  |TAMS 0x00000000f0700000| PB 0x00000000f0700000| Untracked 
| 264|0x00000000f0800000, 0x00000000f0800000, 0x00000000f0900000|  0%| F|  |TAMS 0x00000000f0800000| PB 0x00000000f0800000| Untracked 
| 265|0x00000000f0900000, 0x00000000f0900000, 0x00000000f0a00000|  0%| F|  |TAMS 0x00000000f0900000| PB 0x00000000f0900000| Untracked 
| 266|0x00000000f0a00000, 0x00000000f0a00000, 0x00000000f0b00000|  0%| F|  |TAMS 0x00000000f0a00000| PB 0x00000000f0a00000| Untracked 
| 267|0x00000000f0b00000, 0x00000000f0b00000, 0x00000000f0c00000|  0%| F|  |TAMS 0x00000000f0b00000| PB 0x00000000f0b00000| Untracked 
| 268|0x00000000f0c00000, 0x00000000f0c00000, 0x00000000f0d00000|  0%| F|  |TAMS 0x00000000f0c00000| PB 0x00000000f0c00000| Untracked 
| 269|0x00000000f0d00000, 0x00000000f0d00000, 0x00000000f0e00000|  0%| F|  |TAMS 0x00000000f0d00000| PB 0x00000000f0d00000| Untracked 
| 270|0x00000000f0e00000, 0x00000000f0e00000, 0x00000000f0f00000|  0%| F|  |TAMS 0x00000000f0e00000| PB 0x00000000f0e00000| Untracked 
| 271|0x00000000f0f00000, 0x00000000f0f00000, 0x00000000f1000000|  0%| F|  |TAMS 0x00000000f0f00000| PB 0x00000000f0f00000| Untracked 
| 272|0x00000000f1000000, 0x00000000f1000000, 0x00000000f1100000|  0%| F|  |TAMS 0x00000000f1000000| PB 0x00000000f1000000| Untracked 
| 273|0x00000000f1100000, 0x00000000f1100000, 0x00000000f1200000|  0%| F|  |TAMS 0x00000000f1100000| PB 0x00000000f1100000| Untracked 
| 274|0x00000000f1200000, 0x00000000f1200000, 0x00000000f1300000|  0%| F|  |TAMS 0x00000000f1200000| PB 0x00000000f1200000| Untracked 
| 275|0x00000000f1300000, 0x00000000f1300000, 0x00000000f1400000|  0%| F|  |TAMS 0x00000000f1300000| PB 0x00000000f1300000| Untracked 
| 276|0x00000000f1400000, 0x00000000f1400000, 0x00000000f1500000|  0%| F|  |TAMS 0x00000000f1400000| PB 0x00000000f1400000| Untracked 
| 277|0x00000000f1500000, 0x00000000f1500000, 0x00000000f1600000|  0%| F|  |TAMS 0x00000000f1500000| PB 0x00000000f1500000| Untracked 
| 278|0x00000000f1600000, 0x00000000f1600000, 0x00000000f1700000|  0%| F|  |TAMS 0x00000000f1600000| PB 0x00000000f1600000| Untracked 
| 279|0x00000000f1700000, 0x00000000f1700000, 0x00000000f1800000|  0%| F|  |TAMS 0x00000000f1700000| PB 0x00000000f1700000| Untracked 
| 280|0x00000000f1800000, 0x00000000f1800000, 0x00000000f1900000|  0%| F|  |TAMS 0x00000000f1800000| PB 0x00000000f1800000| Untracked 
| 281|0x00000000f1900000, 0x00000000f1900000, 0x00000000f1a00000|  0%| F|  |TAMS 0x00000000f1900000| PB 0x00000000f1900000| Untracked 
| 282|0x00000000f1a00000, 0x00000000f1a00000, 0x00000000f1b00000|  0%| F|  |TAMS 0x00000000f1a00000| PB 0x00000000f1a00000| Untracked 
| 283|0x00000000f1b00000, 0x00000000f1b00000, 0x00000000f1c00000|  0%| F|  |TAMS 0x00000000f1b00000| PB 0x00000000f1b00000| Untracked 
| 284|0x00000000f1c00000, 0x00000000f1c00000, 0x00000000f1d00000|  0%| F|  |TAMS 0x00000000f1c00000| PB 0x00000000f1c00000| Untracked 
| 285|0x00000000f1d00000, 0x00000000f1d00000, 0x00000000f1e00000|  0%| F|  |TAMS 0x00000000f1d00000| PB 0x00000000f1d00000| Untracked 
| 286|0x00000000f1e00000, 0x00000000f1e00000, 0x00000000f1f00000|  0%| F|  |TAMS 0x00000000f1e00000| PB 0x00000000f1e00000| Untracked 
| 287|0x00000000f1f00000, 0x00000000f1f00000, 0x00000000f2000000|  0%| F|  |TAMS 0x00000000f1f00000| PB 0x00000000f1f00000| Untracked 
| 288|0x00000000f2000000, 0x00000000f2000000, 0x00000000f2100000|  0%| F|  |TAMS 0x00000000f2000000| PB 0x00000000f2000000| Untracked 
| 289|0x00000000f2100000, 0x00000000f2100000, 0x00000000f2200000|  0%| F|  |TAMS 0x00000000f2100000| PB 0x00000000f2100000| Untracked 
| 290|0x00000000f2200000, 0x00000000f2200000, 0x00000000f2300000|  0%| F|  |TAMS 0x00000000f2200000| PB 0x00000000f2200000| Untracked 
| 291|0x00000000f2300000, 0x00000000f2300000, 0x00000000f2400000|  0%| F|  |TAMS 0x00000000f2300000| PB 0x00000000f2300000| Untracked 
| 292|0x00000000f2400000, 0x00000000f2400000, 0x00000000f2500000|  0%| F|  |TAMS 0x00000000f2400000| PB 0x00000000f2400000| Untracked 
| 293|0x00000000f2500000, 0x00000000f2500000, 0x00000000f2600000|  0%| F|  |TAMS 0x00000000f2500000| PB 0x00000000f2500000| Untracked 
| 294|0x00000000f2600000, 0x00000000f2600000, 0x00000000f2700000|  0%| F|  |TAMS 0x00000000f2600000| PB 0x00000000f2600000| Untracked 
| 295|0x00000000f2700000, 0x00000000f2700000, 0x00000000f2800000|  0%| F|  |TAMS 0x00000000f2700000| PB 0x00000000f2700000| Untracked 
| 296|0x00000000f2800000, 0x00000000f2800000, 0x00000000f2900000|  0%| F|  |TAMS 0x00000000f2800000| PB 0x00000000f2800000| Untracked 
| 297|0x00000000f2900000, 0x00000000f2900000, 0x00000000f2a00000|  0%| F|  |TAMS 0x00000000f2900000| PB 0x00000000f2900000| Untracked 
| 298|0x00000000f2a00000, 0x00000000f2a00000, 0x00000000f2b00000|  0%| F|  |TAMS 0x00000000f2a00000| PB 0x00000000f2a00000| Untracked 
| 299|0x00000000f2b00000, 0x00000000f2b00000, 0x00000000f2c00000|  0%| F|  |TAMS 0x00000000f2b00000| PB 0x00000000f2b00000| Untracked 
| 300|0x00000000f2c00000, 0x00000000f2c00000, 0x00000000f2d00000|  0%| F|  |TAMS 0x00000000f2c00000| PB 0x00000000f2c00000| Untracked 
| 301|0x00000000f2d00000, 0x00000000f2d00000, 0x00000000f2e00000|  0%| F|  |TAMS 0x00000000f2d00000| PB 0x00000000f2d00000| Untracked 
| 302|0x00000000f2e00000, 0x00000000f2e00000, 0x00000000f2f00000|  0%| F|  |TAMS 0x00000000f2e00000| PB 0x00000000f2e00000| Untracked 
| 303|0x00000000f2f00000, 0x00000000f2f00000, 0x00000000f3000000|  0%| F|  |TAMS 0x00000000f2f00000| PB 0x00000000f2f00000| Untracked 
| 304|0x00000000f3000000, 0x00000000f3000000, 0x00000000f3100000|  0%| F|  |TAMS 0x00000000f3000000| PB 0x00000000f3000000| Untracked 
| 305|0x00000000f3100000, 0x00000000f3100000, 0x00000000f3200000|  0%| F|  |TAMS 0x00000000f3100000| PB 0x00000000f3100000| Untracked 
| 306|0x00000000f3200000, 0x00000000f3200000, 0x00000000f3300000|  0%| F|  |TAMS 0x00000000f3200000| PB 0x00000000f3200000| Untracked 
| 307|0x00000000f3300000, 0x00000000f3300000, 0x00000000f3400000|  0%| F|  |TAMS 0x00000000f3300000| PB 0x00000000f3300000| Untracked 
| 308|0x00000000f3400000, 0x00000000f3400000, 0x00000000f3500000|  0%| F|  |TAMS 0x00000000f3400000| PB 0x00000000f3400000| Untracked 
| 309|0x00000000f3500000, 0x00000000f3500000, 0x00000000f3600000|  0%| F|  |TAMS 0x00000000f3500000| PB 0x00000000f3500000| Untracked 
| 310|0x00000000f3600000, 0x00000000f3600000, 0x00000000f3700000|  0%| F|  |TAMS 0x00000000f3600000| PB 0x00000000f3600000| Untracked 
| 311|0x00000000f3700000, 0x00000000f3700000, 0x00000000f3800000|  0%| F|  |TAMS 0x00000000f3700000| PB 0x00000000f3700000| Untracked 
| 312|0x00000000f3800000, 0x00000000f3800000, 0x00000000f3900000|  0%| F|  |TAMS 0x00000000f3800000| PB 0x00000000f3800000| Untracked 
| 313|0x00000000f3900000, 0x00000000f3900000, 0x00000000f3a00000|  0%| F|  |TAMS 0x00000000f3900000| PB 0x00000000f3900000| Untracked 
| 314|0x00000000f3a00000, 0x00000000f3a00000, 0x00000000f3b00000|  0%| F|  |TAMS 0x00000000f3a00000| PB 0x00000000f3a00000| Untracked 
| 315|0x00000000f3b00000, 0x00000000f3b00000, 0x00000000f3c00000|  0%| F|  |TAMS 0x00000000f3b00000| PB 0x00000000f3b00000| Untracked 
| 316|0x00000000f3c00000, 0x00000000f3c00000, 0x00000000f3d00000|  0%| F|  |TAMS 0x00000000f3c00000| PB 0x00000000f3c00000| Untracked 
| 317|0x00000000f3d00000, 0x00000000f3d00000, 0x00000000f3e00000|  0%| F|  |TAMS 0x00000000f3d00000| PB 0x00000000f3d00000| Untracked 
| 318|0x00000000f3e00000, 0x00000000f3e00000, 0x00000000f3f00000|  0%| F|  |TAMS 0x00000000f3e00000| PB 0x00000000f3e00000| Untracked 
| 319|0x00000000f3f00000, 0x00000000f3f00000, 0x00000000f4000000|  0%| F|  |TAMS 0x00000000f3f00000| PB 0x00000000f3f00000| Untracked 
| 320|0x00000000f4000000, 0x00000000f4000000, 0x00000000f4100000|  0%| F|  |TAMS 0x00000000f4000000| PB 0x00000000f4000000| Untracked 
| 321|0x00000000f4100000, 0x00000000f4100000, 0x00000000f4200000|  0%| F|  |TAMS 0x00000000f4100000| PB 0x00000000f4100000| Untracked 
| 322|0x00000000f4200000, 0x00000000f4200000, 0x00000000f4300000|  0%| F|  |TAMS 0x00000000f4200000| PB 0x00000000f4200000| Untracked 
| 323|0x00000000f4300000, 0x00000000f4300000, 0x00000000f4400000|  0%| F|  |TAMS 0x00000000f4300000| PB 0x00000000f4300000| Untracked 
| 324|0x00000000f4400000, 0x00000000f4400000, 0x00000000f4500000|  0%| F|  |TAMS 0x00000000f4400000| PB 0x00000000f4400000| Untracked 
| 325|0x00000000f4500000, 0x00000000f4500000, 0x00000000f4600000|  0%| F|  |TAMS 0x00000000f4500000| PB 0x00000000f4500000| Untracked 
| 326|0x00000000f4600000, 0x00000000f4600000, 0x00000000f4700000|  0%| F|  |TAMS 0x00000000f4600000| PB 0x00000000f4600000| Untracked 
| 327|0x00000000f4700000, 0x00000000f4700000, 0x00000000f4800000|  0%| F|  |TAMS 0x00000000f4700000| PB 0x00000000f4700000| Untracked 
| 328|0x00000000f4800000, 0x00000000f4800000, 0x00000000f4900000|  0%| F|  |TAMS 0x00000000f4800000| PB 0x00000000f4800000| Untracked 
| 329|0x00000000f4900000, 0x00000000f4900000, 0x00000000f4a00000|  0%| F|  |TAMS 0x00000000f4900000| PB 0x00000000f4900000| Untracked 
| 330|0x00000000f4a00000, 0x00000000f4a00000, 0x00000000f4b00000|  0%| F|  |TAMS 0x00000000f4a00000| PB 0x00000000f4a00000| Untracked 
| 331|0x00000000f4b00000, 0x00000000f4b00000, 0x00000000f4c00000|  0%| F|  |TAMS 0x00000000f4b00000| PB 0x00000000f4b00000| Untracked 
| 332|0x00000000f4c00000, 0x00000000f4c00000, 0x00000000f4d00000|  0%| F|  |TAMS 0x00000000f4c00000| PB 0x00000000f4c00000| Untracked 
| 333|0x00000000f4d00000, 0x00000000f4d00000, 0x00000000f4e00000|  0%| F|  |TAMS 0x00000000f4d00000| PB 0x00000000f4d00000| Untracked 
| 334|0x00000000f4e00000, 0x00000000f4e00000, 0x00000000f4f00000|  0%| F|  |TAMS 0x00000000f4e00000| PB 0x00000000f4e00000| Untracked 
| 335|0x00000000f4f00000, 0x00000000f4f00000, 0x00000000f5000000|  0%| F|  |TAMS 0x00000000f4f00000| PB 0x00000000f4f00000| Untracked 
| 336|0x00000000f5000000, 0x00000000f5000000, 0x00000000f5100000|  0%| F|  |TAMS 0x00000000f5000000| PB 0x00000000f5000000| Untracked 
| 337|0x00000000f5100000, 0x00000000f5100000, 0x00000000f5200000|  0%| F|  |TAMS 0x00000000f5100000| PB 0x00000000f5100000| Untracked 
| 338|0x00000000f5200000, 0x00000000f5200000, 0x00000000f5300000|  0%| F|  |TAMS 0x00000000f5200000| PB 0x00000000f5200000| Untracked 
| 339|0x00000000f5300000, 0x00000000f5300000, 0x00000000f5400000|  0%| F|  |TAMS 0x00000000f5300000| PB 0x00000000f5300000| Untracked 
| 340|0x00000000f5400000, 0x00000000f5400000, 0x00000000f5500000|  0%| F|  |TAMS 0x00000000f5400000| PB 0x00000000f5400000| Untracked 
| 341|0x00000000f5500000, 0x00000000f5500000, 0x00000000f5600000|  0%| F|  |TAMS 0x00000000f5500000| PB 0x00000000f5500000| Untracked 
| 342|0x00000000f5600000, 0x00000000f5600000, 0x00000000f5700000|  0%| F|  |TAMS 0x00000000f5600000| PB 0x00000000f5600000| Untracked 
| 343|0x00000000f5700000, 0x00000000f5700000, 0x00000000f5800000|  0%| F|  |TAMS 0x00000000f5700000| PB 0x00000000f5700000| Untracked 
| 344|0x00000000f5800000, 0x00000000f5800000, 0x00000000f5900000|  0%| F|  |TAMS 0x00000000f5800000| PB 0x00000000f5800000| Untracked 
| 345|0x00000000f5900000, 0x00000000f5900000, 0x00000000f5a00000|  0%| F|  |TAMS 0x00000000f5900000| PB 0x00000000f5900000| Untracked 
| 346|0x00000000f5a00000, 0x00000000f5a00000, 0x00000000f5b00000|  0%| F|  |TAMS 0x00000000f5a00000| PB 0x00000000f5a00000| Untracked 
| 347|0x00000000f5b00000, 0x00000000f5b00000, 0x00000000f5c00000|  0%| F|  |TAMS 0x00000000f5b00000| PB 0x00000000f5b00000| Untracked 
| 348|0x00000000f5c00000, 0x00000000f5c00000, 0x00000000f5d00000|  0%| F|  |TAMS 0x00000000f5c00000| PB 0x00000000f5c00000| Untracked 
| 349|0x00000000f5d00000, 0x00000000f5d00000, 0x00000000f5e00000|  0%| F|  |TAMS 0x00000000f5d00000| PB 0x00000000f5d00000| Untracked 
| 350|0x00000000f5e00000, 0x00000000f5e00000, 0x00000000f5f00000|  0%| F|  |TAMS 0x00000000f5e00000| PB 0x00000000f5e00000| Untracked 
| 351|0x00000000f5f00000, 0x00000000f5f00000, 0x00000000f6000000|  0%| F|  |TAMS 0x00000000f5f00000| PB 0x00000000f5f00000| Untracked 
| 352|0x00000000f6000000, 0x00000000f6000000, 0x00000000f6100000|  0%| F|  |TAMS 0x00000000f6000000| PB 0x00000000f6000000| Untracked 
| 353|0x00000000f6100000, 0x00000000f6100000, 0x00000000f6200000|  0%| F|  |TAMS 0x00000000f6100000| PB 0x00000000f6100000| Untracked 
| 354|0x00000000f6200000, 0x00000000f6200000, 0x00000000f6300000|  0%| F|  |TAMS 0x00000000f6200000| PB 0x00000000f6200000| Untracked 
| 355|0x00000000f6300000, 0x00000000f6300000, 0x00000000f6400000|  0%| F|  |TAMS 0x00000000f6300000| PB 0x00000000f6300000| Untracked 
| 356|0x00000000f6400000, 0x00000000f6400000, 0x00000000f6500000|  0%| F|  |TAMS 0x00000000f6400000| PB 0x00000000f6400000| Untracked 
| 357|0x00000000f6500000, 0x00000000f6500000, 0x00000000f6600000|  0%| F|  |TAMS 0x00000000f6500000| PB 0x00000000f6500000| Untracked 
| 358|0x00000000f6600000, 0x00000000f6600000, 0x00000000f6700000|  0%| F|  |TAMS 0x00000000f6600000| PB 0x00000000f6600000| Untracked 
| 359|0x00000000f6700000, 0x00000000f6700000, 0x00000000f6800000|  0%| F|  |TAMS 0x00000000f6700000| PB 0x00000000f6700000| Untracked 
| 360|0x00000000f6800000, 0x00000000f6800000, 0x00000000f6900000|  0%| F|  |TAMS 0x00000000f6800000| PB 0x00000000f6800000| Untracked 
| 361|0x00000000f6900000, 0x00000000f6900000, 0x00000000f6a00000|  0%| F|  |TAMS 0x00000000f6900000| PB 0x00000000f6900000| Untracked 
| 362|0x00000000f6a00000, 0x00000000f6a00000, 0x00000000f6b00000|  0%| F|  |TAMS 0x00000000f6a00000| PB 0x00000000f6a00000| Untracked 
| 363|0x00000000f6b00000, 0x00000000f6b00000, 0x00000000f6c00000|  0%| F|  |TAMS 0x00000000f6b00000| PB 0x00000000f6b00000| Untracked 
| 364|0x00000000f6c00000, 0x00000000f6c00000, 0x00000000f6d00000|  0%| F|  |TAMS 0x00000000f6c00000| PB 0x00000000f6c00000| Untracked 
| 365|0x00000000f6d00000, 0x00000000f6d00000, 0x00000000f6e00000|  0%| F|  |TAMS 0x00000000f6d00000| PB 0x00000000f6d00000| Untracked 
| 366|0x00000000f6e00000, 0x00000000f6e00000, 0x00000000f6f00000|  0%| F|  |TAMS 0x00000000f6e00000| PB 0x00000000f6e00000| Untracked 
| 367|0x00000000f6f00000, 0x00000000f6f00000, 0x00000000f7000000|  0%| F|  |TAMS 0x00000000f6f00000| PB 0x00000000f6f00000| Untracked 
| 368|0x00000000f7000000, 0x00000000f7000000, 0x00000000f7100000|  0%| F|  |TAMS 0x00000000f7000000| PB 0x00000000f7000000| Untracked 
| 369|0x00000000f7100000, 0x00000000f7100000, 0x00000000f7200000|  0%| F|  |TAMS 0x00000000f7100000| PB 0x00000000f7100000| Untracked 
| 370|0x00000000f7200000, 0x00000000f7200000, 0x00000000f7300000|  0%| F|  |TAMS 0x00000000f7200000| PB 0x00000000f7200000| Untracked 
| 371|0x00000000f7300000, 0x00000000f7300000, 0x00000000f7400000|  0%| F|  |TAMS 0x00000000f7300000| PB 0x00000000f7300000| Untracked 
| 372|0x00000000f7400000, 0x00000000f7400000, 0x00000000f7500000|  0%| F|  |TAMS 0x00000000f7400000| PB 0x00000000f7400000| Untracked 
| 373|0x00000000f7500000, 0x00000000f7500000, 0x00000000f7600000|  0%| F|  |TAMS 0x00000000f7500000| PB 0x00000000f7500000| Untracked 
| 374|0x00000000f7600000, 0x00000000f7600000, 0x00000000f7700000|  0%| F|  |TAMS 0x00000000f7600000| PB 0x00000000f7600000| Untracked 
| 375|0x00000000f7700000, 0x00000000f7700000, 0x00000000f7800000|  0%| F|  |TAMS 0x00000000f7700000| PB 0x00000000f7700000| Untracked 
| 376|0x00000000f7800000, 0x00000000f7800000, 0x00000000f7900000|  0%| F|  |TAMS 0x00000000f7800000| PB 0x00000000f7800000| Untracked 
| 377|0x00000000f7900000, 0x00000000f7900000, 0x00000000f7a00000|  0%| F|  |TAMS 0x00000000f7900000| PB 0x00000000f7900000| Untracked 
| 378|0x00000000f7a00000, 0x00000000f7a00000, 0x00000000f7b00000|  0%| F|  |TAMS 0x00000000f7a00000| PB 0x00000000f7a00000| Untracked 
| 379|0x00000000f7b00000, 0x00000000f7b00000, 0x00000000f7c00000|  0%| F|  |TAMS 0x00000000f7b00000| PB 0x00000000f7b00000| Untracked 
| 380|0x00000000f7c00000, 0x00000000f7c00000, 0x00000000f7d00000|  0%| F|  |TAMS 0x00000000f7c00000| PB 0x00000000f7c00000| Untracked 
| 381|0x00000000f7d00000, 0x00000000f7d00000, 0x00000000f7e00000|  0%| F|  |TAMS 0x00000000f7d00000| PB 0x00000000f7d00000| Untracked 
| 382|0x00000000f7e00000, 0x00000000f7e00000, 0x00000000f7f00000|  0%| F|  |TAMS 0x00000000f7e00000| PB 0x00000000f7e00000| Untracked 
| 383|0x00000000f7f00000, 0x00000000f7f00000, 0x00000000f8000000|  0%| F|  |TAMS 0x00000000f7f00000| PB 0x00000000f7f00000| Untracked 
| 384|0x00000000f8000000, 0x00000000f8000000, 0x00000000f8100000|  0%| F|  |TAMS 0x00000000f8000000| PB 0x00000000f8000000| Untracked 
| 385|0x00000000f8100000, 0x00000000f8100000, 0x00000000f8200000|  0%| F|  |TAMS 0x00000000f8100000| PB 0x00000000f8100000| Untracked 
| 386|0x00000000f8200000, 0x00000000f8200000, 0x00000000f8300000|  0%| F|  |TAMS 0x00000000f8200000| PB 0x00000000f8200000| Untracked 
| 387|0x00000000f8300000, 0x00000000f8300000, 0x00000000f8400000|  0%| F|  |TAMS 0x00000000f8300000| PB 0x00000000f8300000| Untracked 
| 388|0x00000000f8400000, 0x00000000f8400000, 0x00000000f8500000|  0%| F|  |TAMS 0x00000000f8400000| PB 0x00000000f8400000| Untracked 
| 389|0x00000000f8500000, 0x00000000f8500000, 0x00000000f8600000|  0%| F|  |TAMS 0x00000000f8500000| PB 0x00000000f8500000| Untracked 
| 390|0x00000000f8600000, 0x00000000f8600000, 0x00000000f8700000|  0%| F|  |TAMS 0x00000000f8600000| PB 0x00000000f8600000| Untracked 
| 391|0x00000000f8700000, 0x00000000f8700000, 0x00000000f8800000|  0%| F|  |TAMS 0x00000000f8700000| PB 0x00000000f8700000| Untracked 
| 392|0x00000000f8800000, 0x00000000f8800000, 0x00000000f8900000|  0%| F|  |TAMS 0x00000000f8800000| PB 0x00000000f8800000| Untracked 
| 393|0x00000000f8900000, 0x00000000f8900000, 0x00000000f8a00000|  0%| F|  |TAMS 0x00000000f8900000| PB 0x00000000f8900000| Untracked 
| 394|0x00000000f8a00000, 0x00000000f8a00000, 0x00000000f8b00000|  0%| F|  |TAMS 0x00000000f8a00000| PB 0x00000000f8a00000| Untracked 
| 395|0x00000000f8b00000, 0x00000000f8b00000, 0x00000000f8c00000|  0%| F|  |TAMS 0x00000000f8b00000| PB 0x00000000f8b00000| Untracked 
| 396|0x00000000f8c00000, 0x00000000f8c00000, 0x00000000f8d00000|  0%| F|  |TAMS 0x00000000f8c00000| PB 0x00000000f8c00000| Untracked 
| 397|0x00000000f8d00000, 0x00000000f8d00000, 0x00000000f8e00000|  0%| F|  |TAMS 0x00000000f8d00000| PB 0x00000000f8d00000| Untracked 
| 398|0x00000000f8e00000, 0x00000000f8e00000, 0x00000000f8f00000|  0%| F|  |TAMS 0x00000000f8e00000| PB 0x00000000f8e00000| Untracked 
| 399|0x00000000f8f00000, 0x00000000f8f00000, 0x00000000f9000000|  0%| F|  |TAMS 0x00000000f8f00000| PB 0x00000000f8f00000| Untracked 
| 400|0x00000000f9000000, 0x00000000f9000000, 0x00000000f9100000|  0%| F|  |TAMS 0x00000000f9000000| PB 0x00000000f9000000| Untracked 
| 401|0x00000000f9100000, 0x00000000f9100000, 0x00000000f9200000|  0%| F|  |TAMS 0x00000000f9100000| PB 0x00000000f9100000| Untracked 
| 402|0x00000000f9200000, 0x00000000f9200000, 0x00000000f9300000|  0%| F|  |TAMS 0x00000000f9200000| PB 0x00000000f9200000| Untracked 
| 403|0x00000000f9300000, 0x00000000f9300000, 0x00000000f9400000|  0%| F|  |TAMS 0x00000000f9300000| PB 0x00000000f9300000| Untracked 
| 404|0x00000000f9400000, 0x00000000f9400000, 0x00000000f9500000|  0%| F|  |TAMS 0x00000000f9400000| PB 0x00000000f9400000| Untracked 
| 405|0x00000000f9500000, 0x00000000f9500000, 0x00000000f9600000|  0%| F|  |TAMS 0x00000000f9500000| PB 0x00000000f9500000| Untracked 
| 406|0x00000000f9600000, 0x00000000f9600000, 0x00000000f9700000|  0%| F|  |TAMS 0x00000000f9600000| PB 0x00000000f9600000| Untracked 
| 407|0x00000000f9700000, 0x00000000f9800000, 0x00000000f9800000|100%| S|  |TAMS 0x00000000f9700000| PB 0x00000000f9700000| Complete 
| 408|0x00000000f9800000, 0x00000000f9900000, 0x00000000f9900000|100%| S|  |TAMS 0x00000000f9800000| PB 0x00000000f9800000| Complete 
| 409|0x00000000f9900000, 0x00000000f9a00000, 0x00000000f9a00000|100%| S|  |TAMS 0x00000000f9900000| PB 0x00000000f9900000| Complete 
| 410|0x00000000f9a00000, 0x00000000f9b00000, 0x00000000f9b00000|100%| S|  |TAMS 0x00000000f9a00000| PB 0x00000000f9a00000| Complete 
| 411|0x00000000f9b00000, 0x00000000f9c00000, 0x00000000f9c00000|100%| S|  |TAMS 0x00000000f9b00000| PB 0x00000000f9b00000| Complete 
| 412|0x00000000f9c00000, 0x00000000f9d00000, 0x00000000f9d00000|100%| S|  |TAMS 0x00000000f9c00000| PB 0x00000000f9c00000| Complete 
| 413|0x00000000f9d00000, 0x00000000f9e00000, 0x00000000f9e00000|100%| S|  |TAMS 0x00000000f9d00000| PB 0x00000000f9d00000| Complete 
| 414|0x00000000f9e00000, 0x00000000f9f00000, 0x00000000f9f00000|100%| S|  |TAMS 0x00000000f9e00000| PB 0x00000000f9e00000| Complete 
| 415|0x00000000f9f00000, 0x00000000fa000000, 0x00000000fa000000|100%| S|  |TAMS 0x00000000f9f00000| PB 0x00000000f9f00000| Complete 
| 416|0x00000000fa000000, 0x00000000fa100000, 0x00000000fa100000|100%| E|CS|TAMS 0x00000000fa000000| PB 0x00000000fa000000| Complete 
| 417|0x00000000fa100000, 0x00000000fa200000, 0x00000000fa200000|100%| E|CS|TAMS 0x00000000fa100000| PB 0x00000000fa100000| Complete 
| 418|0x00000000fa200000, 0x00000000fa300000, 0x00000000fa300000|100%| E|CS|TAMS 0x00000000fa200000| PB 0x00000000fa200000| Complete 
| 419|0x00000000fa300000, 0x00000000fa400000, 0x00000000fa400000|100%| E|CS|TAMS 0x00000000fa300000| PB 0x00000000fa300000| Complete 
| 420|0x00000000fa400000, 0x00000000fa500000, 0x00000000fa500000|100%| E|CS|TAMS 0x00000000fa400000| PB 0x00000000fa400000| Complete 
| 421|0x00000000fa500000, 0x00000000fa600000, 0x00000000fa600000|100%| E|CS|TAMS 0x00000000fa500000| PB 0x00000000fa500000| Complete 
| 422|0x00000000fa600000, 0x00000000fa700000, 0x00000000fa700000|100%| E|CS|TAMS 0x00000000fa600000| PB 0x00000000fa600000| Complete 
| 423|0x00000000fa700000, 0x00000000fa800000, 0x00000000fa800000|100%| E|CS|TAMS 0x00000000fa700000| PB 0x00000000fa700000| Complete 
| 424|0x00000000fa800000, 0x00000000fa900000, 0x00000000fa900000|100%| E|CS|TAMS 0x00000000fa800000| PB 0x00000000fa800000| Complete 
| 425|0x00000000fa900000, 0x00000000faa00000, 0x00000000faa00000|100%| E|CS|TAMS 0x00000000fa900000| PB 0x00000000fa900000| Complete 
| 426|0x00000000faa00000, 0x00000000fab00000, 0x00000000fab00000|100%| E|CS|TAMS 0x00000000faa00000| PB 0x00000000faa00000| Complete 
| 427|0x00000000fab00000, 0x00000000fac00000, 0x00000000fac00000|100%| E|CS|TAMS 0x00000000fab00000| PB 0x00000000fab00000| Complete 
| 428|0x00000000fac00000, 0x00000000fad00000, 0x00000000fad00000|100%| E|CS|TAMS 0x00000000fac00000| PB 0x00000000fac00000| Complete 
| 429|0x00000000fad00000, 0x00000000fae00000, 0x00000000fae00000|100%| E|CS|TAMS 0x00000000fad00000| PB 0x00000000fad00000| Complete 
| 430|0x00000000fae00000, 0x00000000faf00000, 0x00000000faf00000|100%| E|CS|TAMS 0x00000000fae00000| PB 0x00000000fae00000| Complete 
| 431|0x00000000faf00000, 0x00000000fb000000, 0x00000000fb000000|100%| E|CS|TAMS 0x00000000faf00000| PB 0x00000000faf00000| Complete 
| 432|0x00000000fb000000, 0x00000000fb100000, 0x00000000fb100000|100%| E|CS|TAMS 0x00000000fb000000| PB 0x00000000fb000000| Complete 
| 433|0x00000000fb100000, 0x00000000fb200000, 0x00000000fb200000|100%| E|CS|TAMS 0x00000000fb100000| PB 0x00000000fb100000| Complete 
| 434|0x00000000fb200000, 0x00000000fb300000, 0x00000000fb300000|100%| E|CS|TAMS 0x00000000fb200000| PB 0x00000000fb200000| Complete 
| 435|0x00000000fb300000, 0x00000000fb400000, 0x00000000fb400000|100%| E|CS|TAMS 0x00000000fb300000| PB 0x00000000fb300000| Complete 
| 436|0x00000000fb400000, 0x00000000fb500000, 0x00000000fb500000|100%| E|CS|TAMS 0x00000000fb400000| PB 0x00000000fb400000| Complete 
| 437|0x00000000fb500000, 0x00000000fb600000, 0x00000000fb600000|100%| E|CS|TAMS 0x00000000fb500000| PB 0x00000000fb500000| Complete 
| 438|0x00000000fb600000, 0x00000000fb700000, 0x00000000fb700000|100%| E|CS|TAMS 0x00000000fb600000| PB 0x00000000fb600000| Complete 
| 439|0x00000000fb700000, 0x00000000fb800000, 0x00000000fb800000|100%| E|CS|TAMS 0x00000000fb700000| PB 0x00000000fb700000| Complete 
| 440|0x00000000fb800000, 0x00000000fb900000, 0x00000000fb900000|100%| E|CS|TAMS 0x00000000fb800000| PB 0x00000000fb800000| Complete 
| 441|0x00000000fb900000, 0x00000000fba00000, 0x00000000fba00000|100%| E|CS|TAMS 0x00000000fb900000| PB 0x00000000fb900000| Complete 
| 442|0x00000000fba00000, 0x00000000fbb00000, 0x00000000fbb00000|100%| E|CS|TAMS 0x00000000fba00000| PB 0x00000000fba00000| Complete 
| 443|0x00000000fbb00000, 0x00000000fbc00000, 0x00000000fbc00000|100%| E|CS|TAMS 0x00000000fbb00000| PB 0x00000000fbb00000| Complete 
| 444|0x00000000fbc00000, 0x00000000fbd00000, 0x00000000fbd00000|100%| E|CS|TAMS 0x00000000fbc00000| PB 0x00000000fbc00000| Complete 
| 445|0x00000000fbd00000, 0x00000000fbe00000, 0x00000000fbe00000|100%| E|CS|TAMS 0x00000000fbd00000| PB 0x00000000fbd00000| Complete 
| 446|0x00000000fbe00000, 0x00000000fbf00000, 0x00000000fbf00000|100%| E|CS|TAMS 0x00000000fbe00000| PB 0x00000000fbe00000| Complete 
| 447|0x00000000fbf00000, 0x00000000fc000000, 0x00000000fc000000|100%| E|CS|TAMS 0x00000000fbf00000| PB 0x00000000fbf00000| Complete 
| 448|0x00000000fc000000, 0x00000000fc100000, 0x00000000fc100000|100%| E|CS|TAMS 0x00000000fc000000| PB 0x00000000fc000000| Complete 
| 449|0x00000000fc100000, 0x00000000fc200000, 0x00000000fc200000|100%| E|CS|TAMS 0x00000000fc100000| PB 0x00000000fc100000| Complete 
| 450|0x00000000fc200000, 0x00000000fc300000, 0x00000000fc300000|100%| E|CS|TAMS 0x00000000fc200000| PB 0x00000000fc200000| Complete 
| 451|0x00000000fc300000, 0x00000000fc400000, 0x00000000fc400000|100%| E|CS|TAMS 0x00000000fc300000| PB 0x00000000fc300000| Complete 
| 452|0x00000000fc400000, 0x00000000fc500000, 0x00000000fc500000|100%| E|CS|TAMS 0x00000000fc400000| PB 0x00000000fc400000| Complete 
| 453|0x00000000fc500000, 0x00000000fc600000, 0x00000000fc600000|100%| E|CS|TAMS 0x00000000fc500000| PB 0x00000000fc500000| Complete 
| 454|0x00000000fc600000, 0x00000000fc700000, 0x00000000fc700000|100%| E|CS|TAMS 0x00000000fc600000| PB 0x00000000fc600000| Complete 
| 455|0x00000000fc700000, 0x00000000fc800000, 0x00000000fc800000|100%| E|CS|TAMS 0x00000000fc700000| PB 0x00000000fc700000| Complete 
| 456|0x00000000fc800000, 0x00000000fc900000, 0x00000000fc900000|100%| E|CS|TAMS 0x00000000fc800000| PB 0x00000000fc800000| Complete 
| 457|0x00000000fc900000, 0x00000000fca00000, 0x00000000fca00000|100%| E|CS|TAMS 0x00000000fc900000| PB 0x00000000fc900000| Complete 
| 458|0x00000000fca00000, 0x00000000fcb00000, 0x00000000fcb00000|100%| E|CS|TAMS 0x00000000fca00000| PB 0x00000000fca00000| Complete 
| 459|0x00000000fcb00000, 0x00000000fcc00000, 0x00000000fcc00000|100%| E|CS|TAMS 0x00000000fcb00000| PB 0x00000000fcb00000| Complete 
| 460|0x00000000fcc00000, 0x00000000fcd00000, 0x00000000fcd00000|100%| E|CS|TAMS 0x00000000fcc00000| PB 0x00000000fcc00000| Complete 
| 461|0x00000000fcd00000, 0x00000000fce00000, 0x00000000fce00000|100%| E|CS|TAMS 0x00000000fcd00000| PB 0x00000000fcd00000| Complete 
| 462|0x00000000fce00000, 0x00000000fcf00000, 0x00000000fcf00000|100%| E|CS|TAMS 0x00000000fce00000| PB 0x00000000fce00000| Complete 
| 463|0x00000000fcf00000, 0x00000000fd000000, 0x00000000fd000000|100%| E|CS|TAMS 0x00000000fcf00000| PB 0x00000000fcf00000| Complete 
| 464|0x00000000fd000000, 0x00000000fd100000, 0x00000000fd100000|100%| E|CS|TAMS 0x00000000fd000000| PB 0x00000000fd000000| Complete 
| 465|0x00000000fd100000, 0x00000000fd200000, 0x00000000fd200000|100%| E|CS|TAMS 0x00000000fd100000| PB 0x00000000fd100000| Complete 
| 466|0x00000000fd200000, 0x00000000fd300000, 0x00000000fd300000|100%| E|CS|TAMS 0x00000000fd200000| PB 0x00000000fd200000| Complete 
| 467|0x00000000fd300000, 0x00000000fd400000, 0x00000000fd400000|100%| E|CS|TAMS 0x00000000fd300000| PB 0x00000000fd300000| Complete 
| 468|0x00000000fd400000, 0x00000000fd500000, 0x00000000fd500000|100%| E|CS|TAMS 0x00000000fd400000| PB 0x00000000fd400000| Complete 
| 469|0x00000000fd500000, 0x00000000fd600000, 0x00000000fd600000|100%| E|CS|TAMS 0x00000000fd500000| PB 0x00000000fd500000| Complete 
| 470|0x00000000fd600000, 0x00000000fd700000, 0x00000000fd700000|100%| E|CS|TAMS 0x00000000fd600000| PB 0x00000000fd600000| Complete 
| 471|0x00000000fd700000, 0x00000000fd800000, 0x00000000fd800000|100%| E|CS|TAMS 0x00000000fd700000| PB 0x00000000fd700000| Complete 
| 472|0x00000000fd800000, 0x00000000fd900000, 0x00000000fd900000|100%| E|CS|TAMS 0x00000000fd800000| PB 0x00000000fd800000| Complete 
| 473|0x00000000fd900000, 0x00000000fda00000, 0x00000000fda00000|100%| E|CS|TAMS 0x00000000fd900000| PB 0x00000000fd900000| Complete 
| 474|0x00000000fda00000, 0x00000000fdb00000, 0x00000000fdb00000|100%| E|CS|TAMS 0x00000000fda00000| PB 0x00000000fda00000| Complete 
| 475|0x00000000fdb00000, 0x00000000fdc00000, 0x00000000fdc00000|100%| E|CS|TAMS 0x00000000fdb00000| PB 0x00000000fdb00000| Complete 
| 476|0x00000000fdc00000, 0x00000000fdd00000, 0x00000000fdd00000|100%| E|CS|TAMS 0x00000000fdc00000| PB 0x00000000fdc00000| Complete 
| 477|0x00000000fdd00000, 0x00000000fde00000, 0x00000000fde00000|100%| E|CS|TAMS 0x00000000fdd00000| PB 0x00000000fdd00000| Complete 
| 478|0x00000000fde00000, 0x00000000fdf00000, 0x00000000fdf00000|100%| E|CS|TAMS 0x00000000fde00000| PB 0x00000000fde00000| Complete 
| 479|0x00000000fdf00000, 0x00000000fe000000, 0x00000000fe000000|100%| E|CS|TAMS 0x00000000fdf00000| PB 0x00000000fdf00000| Complete 
| 480|0x00000000fe000000, 0x00000000fe100000, 0x00000000fe100000|100%| E|CS|TAMS 0x00000000fe000000| PB 0x00000000fe000000| Complete 
| 502|0x00000000ff600000, 0x00000000ff700000, 0x00000000ff700000|100%| O|  |TAMS 0x00000000ff700000| PB 0x00000000ff600000| Untracked 
| 504|0x00000000ff800000, 0x00000000ff900000, 0x00000000ff900000|100%| O|  |TAMS 0x00000000ff900000| PB 0x00000000ff800000| Untracked 
| 505|0x00000000ff900000, 0x00000000ffa00000, 0x00000000ffa00000|100%| O|  |TAMS 0x00000000ffa00000| PB 0x00000000ff900000| Untracked 
| 506|0x00000000ffa00000, 0x00000000ffb00000, 0x00000000ffb00000|100%| O|  |TAMS 0x00000000ffb00000| PB 0x00000000ffa00000| Untracked 
| 507|0x00000000ffb00000, 0x00000000ffc00000, 0x00000000ffc00000|100%| O|  |TAMS 0x00000000ffc00000| PB 0x00000000ffb00000| Untracked 
| 508|0x00000000ffc00000, 0x00000000ffd00000, 0x00000000ffd00000|100%| O|  |TAMS 0x00000000ffd00000| PB 0x00000000ffc00000| Untracked 

Card table byte_map: [0x0000706638722000,0x0000706638822000] _byte_map_base: 0x0000706638022000

Marking Bits: (CMBitMap*) 0x000070663404a140
 Bits: [0x000070661c000000, 0x000070661c800000)

Polling page: 0x000070663b05b000

Metaspace:

Usage:
  Non-class:    137.03 MB used.
      Class:     19.84 MB used.
       Both:    156.88 MB used.

Virtual space:
  Non-class space:      192.00 MB reserved,     138.06 MB ( 72%) committed,  3 nodes.
      Class space:      320.00 MB reserved,      20.75 MB (  6%) committed,  1 nodes.
             Both:      512.00 MB reserved,     158.81 MB ( 31%) committed. 

Chunk freelists:
   Non-Class:  5.66 MB
       Class:  11.23 MB
        Both:  16.88 MB

MaxMetaspaceSize: 384.00 MB
CompressedClassSpaceSize: 320.00 MB
Initial GC threshold: 21.00 MB
Current GC threshold: 192.19 MB
CDS: on
 - commit_granule_bytes: 65536.
 - commit_granule_words: 8192.
 - virtual_space_node_default_size: 8388608.
 - enlarge_chunks_in_place: 1.
 - use_allocation_guard: 0.


Internal statistics:

num_allocs_failed_limit: 18.
num_arena_births: 8958.
num_arena_deaths: 5816.
num_vsnodes_births: 4.
num_vsnodes_deaths: 0.
num_space_committed: 2623.
num_space_uncommitted: 48.
num_chunks_returned_to_freelist: 8011.
num_chunks_taken_from_freelist: 18314.
num_chunk_merges: 2200.
num_chunk_splits: 10258.
num_chunks_enlarged: 6726.
num_inconsistent_stats: 0.

CodeHeap 'non-profiled nmethods': size=120028Kb used=18962Kb max_used=18962Kb free=101066Kb
 bounds [0x00007066242c9000, 0x0000706625559000, 0x000070662b800000]
CodeHeap 'profiled nmethods': size=120028Kb used=38287Kb max_used=39423Kb free=81740Kb
 bounds [0x000070661c800000, 0x000070661ee80000, 0x0000706623d37000]
CodeHeap 'non-nmethods': size=5704Kb used=3449Kb max_used=3470Kb free=2254Kb
 bounds [0x0000706623d37000, 0x00007066240a7000, 0x00007066242c9000]
CodeCache: size=245760Kb, used=60698Kb, max_used=61855Kb, free=185060Kb
 total_blobs=20635, nmethods=19434, adapters=1105, full_count=0
Compilation: enabled, stopped_count=0, restarted_count=0

Compilation events (20 events):
Event: 11621.018 Thread 0x0000706634196f50 34308       3       kotlin.collections.IndexingIterator::<init> (16 bytes)
Event: 11621.019 Thread 0x0000706634196f50 nmethod 34308 0x000070661d3adb90 code [0x000070661d3addc0, 0x000070661d3ae418]
Event: 11621.019 Thread 0x0000706634196f50 34309       3       kotlin.collections.CollectionsKt___CollectionsKt::withIndex (23 bytes)
Event: 11621.019 Thread 0x000070663418d890 34314       4       org.jetbrains.kotlin.name.Name::guessByFirstCharacter (28 bytes)
Event: 11621.019 Thread 0x0000706634196f50 nmethod 34309 0x000070661d3ac290 code [0x000070661d3ac5a0, 0x000070661d3ad598]
Event: 11621.019 Thread 0x0000706634196f50 34312       3       org.jetbrains.kotlin.serialization.deserialization.NameResolverUtilKt::getName (23 bytes)
Event: 11621.020 Thread 0x0000706634196f50 nmethod 34312 0x000070661d3ab010 code [0x000070661d3ab2c0, 0x000070661d3abe10]
Event: 11621.020 Thread 0x0000706634196f50 34310       3       kotlin.collections.CollectionsKt___CollectionsKt$$Lambda/0x00007065ec8b3e48::<init> (10 bytes)
Event: 11621.020 Thread 0x0000706634196f50 nmethod 34310 0x000070661d3aac10 code [0x000070661d3aada0, 0x000070661d3aaf50]
Event: 11621.020 Thread 0x0000706634196f50 34311       3       kotlin.collections.CollectionsKt___CollectionsKt$$Lambda/0x00007065ec8b3e48::invoke (8 bytes)
Event: 11621.020 Thread 0x0000706634196f50 nmethod 34311 0x000070661d3aa710 code [0x000070661d3aa8c0, 0x000070661d3aaae8]
Event: 11621.020 Thread 0x0000706634196f50 34313       3       kotlin.collections.CollectionsKt___CollectionsKt::withIndex$lambda$0$CollectionsKt___CollectionsKt (7 bytes)
Event: 11621.020 Thread 0x0000706634196f50 nmethod 34313 0x000070661d3aa310 code [0x000070661d3aa4c0, 0x000070661d3aa670]
Event: 11621.020 Thread 0x0000706634196f50 34316       3       org.jetbrains.kotlin.load.kotlin.header.ReadKotlinClassHeaderAnnotationVisitor$KotlinMetadataArgumentVisitor$1::visitEnd (21 bytes)
Event: 11621.021 Thread 0x0000706634196f50 nmethod 34316 0x000070661d3a9e10 code [0x000070661d3a9fc0, 0x000070661d3aa200]
Event: 11621.021 Thread 0x0000706634196f50 34317       3       org.jetbrains.kotlin.load.kotlin.header.ReadKotlinClassHeaderAnnotationVisitor::access$802 (7 bytes)
Event: 11621.021 Thread 0x0000706634196f50 nmethod 34317 0x000070661d3a9a90 code [0x000070661d3a9c20, 0x000070661d3a9d60]
Event: 11621.021 Thread 0x000070663418d890 nmethod 34314 0x000070662554d310 code [0x000070662554d4a0, 0x000070662554d610]
Event: 11621.021 Thread 0x000070663418d890 34319 %     4       org.jetbrains.org.objectweb.asm.ClassReader::readUtfNonAscii @ 44 (191 bytes)
Event: 11621.022 Thread 0x0000706634196f50 34323   !   3       org.jetbrains.kotlin.metadata.ProtoBuf$TypeParameter::<init> (753 bytes)

GC Heap History (20 events):
Event: 10621.228 GC heap after
{Heap after GC invocations=62 (full 0):
 garbage-first heap   total 524288K, used 442368K [0x00000000e0000000, 0x0000000100000000)
  region size 1024K, 4 young (4096K), 4 survivors (4096K)
 Metaspace       used 114978K, committed 117696K, reserved 458752K
  class space    used 14552K, committed 16256K, reserved 327680K
}
Event: 10621.470 GC heap before
{Heap before GC invocations=62 (full 0):
 garbage-first heap   total 524288K, used 479232K [0x00000000e0000000, 0x0000000100000000)
  region size 1024K, 57 young (58368K), 4 survivors (4096K)
 Metaspace       used 115072K, committed 117760K, reserved 458752K
  class space    used 14560K, committed 16256K, reserved 327680K
}
Event: 10621.476 GC heap after
{Heap after GC invocations=63 (full 0):
 garbage-first heap   total 524288K, used 427457K [0x00000000e0000000, 0x0000000100000000)
  region size 1024K, 7 young (7168K), 7 survivors (7168K)
 Metaspace       used 115072K, committed 117760K, reserved 458752K
  class space    used 14560K, committed 16256K, reserved 327680K
}
Event: 10621.974 GC heap before
{Heap before GC invocations=64 (full 0):
 garbage-first heap   total 524288K, used 509377K [0x00000000e0000000, 0x0000000100000000)
  region size 1024K, 74 young (75776K), 7 survivors (7168K)
 Metaspace       used 115174K, committed 117824K, reserved 458752K
  class space    used 14560K, committed 16256K, reserved 327680K
}
Event: 10621.991 GC heap after
{Heap after GC invocations=65 (full 0):
 garbage-first heap   total 524288K, used 501185K [0x00000000e0000000, 0x0000000100000000)
  region size 1024K, 10 young (10240K), 10 survivors (10240K)
 Metaspace       used 115174K, committed 117824K, reserved 458752K
  class space    used 14560K, committed 16256K, reserved 327680K
}
Event: 10736.219 GC heap before
{Heap before GC invocations=65 (full 0):
 garbage-first heap   total 524288K, used 523713K [0x00000000e0000000, 0x0000000100000000)
  region size 1024K, 26 young (26624K), 10 survivors (10240K)
 Metaspace       used 115182K, committed 117824K, reserved 458752K
  class space    used 14561K, committed 16256K, reserved 327680K
}
Event: 10736.236 GC heap after
{Heap after GC invocations=66 (full 0):
 garbage-first heap   total 524288K, used 504257K [0x00000000e0000000, 0x0000000100000000)
  region size 1024K, 0 young (0K), 0 survivors (0K)
 Metaspace       used 115182K, committed 117824K, reserved 458752K
  class space    used 14561K, committed 16256K, reserved 327680K
}
Event: 11253.263 GC heap before
{Heap before GC invocations=66 (full 0):
 garbage-first heap   total 524288K, used 522689K [0x00000000e0000000, 0x0000000100000000)
  region size 1024K, 19 young (19456K), 0 survivors (0K)
 Metaspace       used 115428K, committed 117824K, reserved 458752K
  class space    used 14611K, committed 16256K, reserved 327680K
}
Event: 11253.282 GC heap after
{Heap after GC invocations=67 (full 0):
 garbage-first heap   total 524288K, used 513473K [0x00000000e0000000, 0x0000000100000000)
  region size 1024K, 0 young (0K), 0 survivors (0K)
 Metaspace       used 115428K, committed 117824K, reserved 458752K
  class space    used 14611K, committed 16256K, reserved 327680K
}
Event: 11253.501 GC heap before
{Heap before GC invocations=67 (full 0):
 garbage-first heap   total 524288K, used 523713K [0x00000000e0000000, 0x0000000100000000)
  region size 1024K, 10 young (10240K), 0 survivors (0K)
 Metaspace       used 115998K, committed 118336K, reserved 458752K
  class space    used 14730K, committed 16256K, reserved 327680K
}
Event: 11253.539 GC heap after
{Heap after GC invocations=68 (full 0):
 garbage-first heap   total 524288K, used 523713K [0x00000000e0000000, 0x0000000100000000)
  region size 1024K, 0 young (0K), 0 survivors (0K)
 Metaspace       used 115998K, committed 118336K, reserved 458752K
  class space    used 14730K, committed 16256K, reserved 327680K
}
Event: 11253.539 GC heap before
{Heap before GC invocations=68 (full 0):
 garbage-first heap   total 524288K, used 523713K [0x00000000e0000000, 0x0000000100000000)
  region size 1024K, 0 young (0K), 0 survivors (0K)
 Metaspace       used 115998K, committed 118336K, reserved 458752K
  class space    used 14730K, committed 16256K, reserved 327680K
}
Event: 11254.045 GC heap after
{Heap after GC invocations=69 (full 1):
 garbage-first heap   total 498688K, used 144733K [0x00000000e0000000, 0x0000000100000000)
  region size 1024K, 0 young (0K), 0 survivors (0K)
 Metaspace       used 111257K, committed 116736K, reserved 458752K
  class space    used 14076K, committed 16256K, reserved 327680K
}
Event: 11255.520 GC heap before
{Heap before GC invocations=69 (full 1):
 garbage-first heap   total 498688K, used 390493K [0x00000000e0000000, 0x0000000100000000)
  region size 1024K, 241 young (246784K), 0 survivors (0K)
 Metaspace       used 113797K, committed 116800K, reserved 458752K
  class space    used 14423K, committed 16256K, reserved 327680K
}
Event: 11255.537 GC heap after
{Heap after GC invocations=70 (full 1):
 garbage-first heap   total 498688K, used 160748K [0x00000000e0000000, 0x0000000100000000)
  region size 1024K, 16 young (16384K), 16 survivors (16384K)
 Metaspace       used 113797K, committed 116800K, reserved 458752K
  class space    used 14423K, committed 16256K, reserved 327680K
}
Event: 11618.856 GC heap before
{Heap before GC invocations=71 (full 1):
 garbage-first heap   total 498688K, used 420844K [0x00000000e0000000, 0x0000000100000000)
  region size 1024K, 257 young (263168K), 16 survivors (16384K)
 Metaspace       used 132590K, committed 134464K, reserved 458752K
  class space    used 17256K, committed 18176K, reserved 327680K
}
Event: 11618.888 GC heap after
{Heap after GC invocations=72 (full 1):
 garbage-first heap   total 498688K, used 163677K [0x00000000e0000000, 0x0000000100000000)
  region size 1024K, 29 young (29696K), 29 survivors (29696K)
 Metaspace       used 132590K, committed 134464K, reserved 458752K
  class space    used 17256K, committed 18176K, reserved 327680K
}
Event: 11620.447 GC heap before
{Heap before GC invocations=72 (full 1):
 garbage-first heap   total 498688K, used 413533K [0x00000000e0000000, 0x0000000100000000)
  region size 1024K, 274 young (280576K), 29 survivors (29696K)
 Metaspace       used 153952K, committed 155840K, reserved 524288K
  class space    used 19514K, committed 20416K, reserved 327680K
}
Event: 11620.508 GC heap after
{Heap after GC invocations=73 (full 1):
 garbage-first heap   total 498688K, used 197792K [0x00000000e0000000, 0x0000000100000000)
  region size 1024K, 35 young (35840K), 35 survivors (35840K)
 Metaspace       used 153952K, committed 155840K, reserved 524288K
  class space    used 19514K, committed 20416K, reserved 327680K
}
Event: 11621.023 GC heap before
{Heap before GC invocations=73 (full 1):
 garbage-first heap   total 498688K, used 263328K [0x00000000e0000000, 0x0000000100000000)
  region size 1024K, 100 young (102400K), 35 survivors (35840K)
 Metaspace       used 160641K, committed 162624K, reserved 524288K
  class space    used 20320K, committed 21248K, reserved 327680K
}

Dll operation events (14 events):
Event: 0.002 Loaded shared library /usr/lib/jvm/java-21-openjdk-amd64/lib/libjava.so
Event: 0.024 Loaded shared library /usr/lib/jvm/java-21-openjdk-amd64/lib/libjsvml.so
Event: 0.048 Loaded shared library /usr/lib/jvm/java-21-openjdk-amd64/lib/libzip.so
Event: 0.049 Loaded shared library /usr/lib/jvm/java-21-openjdk-amd64/lib/libinstrument.so
Event: 0.050 Loaded shared library /usr/lib/jvm/java-21-openjdk-amd64/lib/libnio.so
Event: 0.052 Loaded shared library /usr/lib/jvm/java-21-openjdk-amd64/lib/libzip.so
Event: 0.093 Loaded shared library /usr/lib/jvm/java-21-openjdk-amd64/lib/libjimage.so
Event: 0.193 Loaded shared library /usr/lib/jvm/java-21-openjdk-amd64/lib/libverify.so
Event: 0.210 Loaded shared library /usr/lib/jvm/java-21-openjdk-amd64/lib/libnet.so
Event: 0.211 Loaded shared library /home/vanille/.gradle/native/660c5614fbf4a5f2a75b1949f50a0caf5cd603558e7d8a26e50b933a0cfb79d1/linux-amd64/libnative-platform.so
Event: 0.228 Loaded shared library /home/vanille/.gradle/native/0.2.8/x86_64-linux-gnu/libgradle-fileevents.so
Event: 0.785 Loaded shared library /usr/lib/jvm/java-21-openjdk-amd64/lib/libmanagement.so
Event: 0.786 Loaded shared library /usr/lib/jvm/java-21-openjdk-amd64/lib/libmanagement_ext.so
Event: 0.856 Loaded shared library /usr/lib/jvm/java-21-openjdk-amd64/lib/libextnet.so

Deoptimization events (20 events):
Event: 11620.662 Thread 0x0000706540008e60 Uncommon trap: trap_request=0xffffffc6 fr.pc=0x0000706625504680 relative=0x0000000000000140
Event: 11620.662 Thread 0x0000706540008e60 Uncommon trap: reason=bimorphic_or_optimized_type_check action=maybe_recompile pc=0x0000706625504680 method=org.jetbrains.kotlin.com.intellij.openapi.vfs.VfsUtilCore.isAncestor(Lorg/jetbrains/kotlin/com/intellij/openapi/vfs/VirtualFile;Lorg/jetbrains/kotl
Event: 11620.662 Thread 0x0000706540008e60 DEOPT PACKING pc=0x0000706625504680 sp=0x00007065e44ea2f0
Event: 11620.662 Thread 0x0000706540008e60 DEOPT UNPACKING pc=0x0000706623d8e619 sp=0x00007065e44ea2a0 mode 2
Event: 11620.891 Thread 0x0000706540008e60 Uncommon trap: trap_request=0xffffffbe fr.pc=0x00007066254b035c relative=0x00000000000002fc
Event: 11620.891 Thread 0x0000706540008e60 Uncommon trap: reason=profile_predicate action=maybe_recompile pc=0x00007066254b035c method=java.util.regex.Pattern$BnM.optimize(Ljava/util/regex/Pattern$Node;)Ljava/util/regex/Pattern$Node; @ 67 c2
Event: 11620.891 Thread 0x0000706540008e60 DEOPT PACKING pc=0x00007066254b035c sp=0x00007065e44e9b00
Event: 11620.891 Thread 0x0000706540008e60 DEOPT UNPACKING pc=0x0000706623d8e619 sp=0x00007065e44e9aa8 mode 2
Event: 11620.895 Thread 0x0000706540008e60 Uncommon trap: trap_request=0xffffff45 fr.pc=0x00007066254de88c relative=0x000000000000092c
Event: 11620.895 Thread 0x0000706540008e60 Uncommon trap: reason=unstable_if action=reinterpret pc=0x00007066254de88c method=org.jetbrains.kotlin.com.intellij.openapi.util.text.StringUtilRt.equal(Ljava/lang/CharSequence;Ljava/lang/CharSequence;Z)Z @ 12 c2
Event: 11620.895 Thread 0x0000706540008e60 DEOPT PACKING pc=0x00007066254de88c sp=0x00007065e44e9a10
Event: 11620.895 Thread 0x0000706540008e60 DEOPT UNPACKING pc=0x0000706623d8e619 sp=0x00007065e44e99f8 mode 2
Event: 11620.914 Thread 0x0000706540008e60 Uncommon trap: trap_request=0xffffff45 fr.pc=0x0000706624c85ad0 relative=0x00000000000000b0
Event: 11620.914 Thread 0x0000706540008e60 Uncommon trap: reason=unstable_if action=reinterpret pc=0x0000706624c85ad0 method=java.util.EnumMap$EnumMapIterator.hasNext()Z @ 27 c2
Event: 11620.914 Thread 0x0000706540008e60 DEOPT PACKING pc=0x0000706624c85ad0 sp=0x00007065e44eae80
Event: 11620.914 Thread 0x0000706540008e60 DEOPT UNPACKING pc=0x0000706623d8e619 sp=0x00007065e44eae40 mode 2
Event: 11620.950 Thread 0x0000706540008e60 Uncommon trap: trap_request=0xffffff45 fr.pc=0x0000706625509f44 relative=0x0000000000000104
Event: 11620.950 Thread 0x0000706540008e60 Uncommon trap: reason=unstable_if action=reinterpret pc=0x0000706625509f44 method=java.text.StringCharacterIterator.current()C @ 19 c2
Event: 11620.950 Thread 0x0000706540008e60 DEOPT PACKING pc=0x0000706625509f44 sp=0x00007065e44ea640
Event: 11620.950 Thread 0x0000706540008e60 DEOPT UNPACKING pc=0x0000706623d8e619 sp=0x00007065e44ea5f8 mode 2

Classes loaded (20 events):
Event: 11619.083 Loading class sun/nio/cs/UTF_32BE
Event: 11619.083 Loading class sun/nio/cs/UTF_32BE done
Event: 11619.083 Loading class sun/nio/cs/UTF_32LE
Event: 11619.083 Loading class sun/nio/cs/UTF_32LE done
Event: 11619.083 Loading class sun/nio/cs/MS1251
Event: 11619.083 Loading class sun/nio/cs/MS1251 done
Event: 11619.205 Loading class java/beans/PropertyChangeSupport
Event: 11619.206 Loading class java/beans/PropertyChangeSupport done
Event: 11619.206 Loading class java/beans/PropertyChangeSupport$PropertyChangeListenerMap
Event: 11619.206 Loading class java/beans/ChangeListenerMap
Event: 11619.206 Loading class java/beans/ChangeListenerMap done
Event: 11619.206 Loading class java/beans/PropertyChangeSupport$PropertyChangeListenerMap done
Event: 11620.272 Loading class java/text/StringCharacterIterator
Event: 11620.272 Loading class java/text/CharacterIterator
Event: 11620.272 Loading class java/text/CharacterIterator done
Event: 11620.272 Loading class java/text/StringCharacterIterator done
Event: 11620.877 Loading class java/util/AbstractList$SubList
Event: 11620.877 Loading class java/util/AbstractList$SubList done
Event: 11620.877 Loading class java/util/AbstractList$SubList$1
Event: 11620.877 Loading class java/util/AbstractList$SubList$1 done

Classes unloaded (20 events):
Event: 11255.654 Thread 0x000070663417d240 Unloading class 0x00007065ec2c0400 'java/lang/invoke/LambdaForm$MH+0x00007065ec2c0400'
Event: 11255.654 Thread 0x000070663417d240 Unloading class 0x00007065ec2c8800 'java/lang/invoke/LambdaForm$MH+0x00007065ec2c8800'
Event: 11255.654 Thread 0x000070663417d240 Unloading class 0x00007065ec2f1400 'java/lang/invoke/LambdaForm$MH+0x00007065ec2f1400'
Event: 11255.654 Thread 0x000070663417d240 Unloading class 0x00007065ec308400 'java/lang/invoke/LambdaForm$MH+0x00007065ec308400'
Event: 11255.654 Thread 0x000070663417d240 Unloading class 0x00007065ec309000 'java/lang/invoke/LambdaForm$MH+0x00007065ec309000'
Event: 11255.654 Thread 0x000070663417d240 Unloading class 0x00007065ec39c800 'java/lang/invoke/LambdaForm$MH+0x00007065ec39c800'
Event: 11255.654 Thread 0x000070663417d240 Unloading class 0x00007065ec3a3000 'java/lang/invoke/LambdaForm$MH+0x00007065ec3a3000'
Event: 11255.654 Thread 0x000070663417d240 Unloading class 0x00007065ec433c00 'java/lang/invoke/LambdaForm$MH+0x00007065ec433c00'
Event: 11255.654 Thread 0x000070663417d240 Unloading class 0x00007065ec438800 'java/lang/invoke/LambdaForm$MH+0x00007065ec438800'
Event: 11255.654 Thread 0x000070663417d240 Unloading class 0x00007065ec43a800 'java/lang/invoke/LambdaForm$MH+0x00007065ec43a800'
Event: 11255.654 Thread 0x000070663417d240 Unloading class 0x00007065ec43c800 'java/lang/invoke/LambdaForm$MH+0x00007065ec43c800'
Event: 11255.654 Thread 0x000070663417d240 Unloading class 0x00007065ec45c400 'java/lang/invoke/LambdaForm$MH+0x00007065ec45c400'
Event: 11255.654 Thread 0x000070663417d240 Unloading class 0x00007065ec45cc00 'java/lang/invoke/LambdaForm$MH+0x00007065ec45cc00'
Event: 11255.654 Thread 0x000070663417d240 Unloading class 0x00007065ec4cac00 'java/lang/invoke/LambdaForm$MH+0x00007065ec4cac00'
Event: 11255.654 Thread 0x000070663417d240 Unloading class 0x00007065ec4cdc00 'java/lang/invoke/LambdaForm$MH+0x00007065ec4cdc00'
Event: 11255.654 Thread 0x000070663417d240 Unloading class 0x00007065ec4d0800 'java/lang/invoke/LambdaForm$MH+0x00007065ec4d0800'
Event: 11255.654 Thread 0x000070663417d240 Unloading class 0x00007065ec4d9c00 'java/lang/invoke/LambdaForm$MH+0x00007065ec4d9c00'
Event: 11255.654 Thread 0x000070663417d240 Unloading class 0x00007065ec4da400 'java/lang/invoke/LambdaForm$MH+0x00007065ec4da400'
Event: 11255.654 Thread 0x000070663417d240 Unloading class 0x00007065ec4e2400 'java/lang/invoke/LambdaForm$MH+0x00007065ec4e2400'
Event: 11255.654 Thread 0x000070663417d240 Unloading class 0x00007065ec368400 'java/lang/invoke/LambdaForm$MH+0x00007065ec368400'

Classes redefined (0 events):
No events

Internal exceptions (20 events):
Event: 11618.551 Thread 0x0000706540008e60 Exception <a 'java/lang/NoSuchMethodError'{0x00000000f0f8fee8}: 'java.lang.Object java.lang.invoke.DirectMethodHandle$Holder.invokeSpecial(java.lang.Object, java.lang.Object, java.lang.Object, java.lang.Object, long)'> (0x00000000f0f8fee8) 
thrown [./src/hotspot/share/interpreter/linkResolver.cpp, line 772]
Event: 11618.551 Thread 0x0000706540008e60 Exception <a 'java/lang/NoSuchMethodError'{0x00000000f0fa0048}: 'int java.lang.invoke.DelegatingMethodHandle$Holder.reinvoke_L(java.lang.Object, java.lang.Object, java.lang.Object, long, java.lang.Object, java.lang.Object)'> (0x00000000f0fa0048) 
thrown [./src/hotspot/share/interpreter/linkResolver.cpp, line 772]
Event: 11618.551 Thread 0x0000706540008e60 Exception <a 'java/lang/NoSuchMethodError'{0x00000000f0fafcf8}: 'int java.lang.invoke.DelegatingMethodHandle$Holder.reinvoke_L(java.lang.Object, java.lang.Object, java.lang.Object, long, int, int)'> (0x00000000f0fafcf8) 
thrown [./src/hotspot/share/interpreter/linkResolver.cpp, line 772]
Event: 11618.552 Thread 0x0000706540008e60 Exception <a 'java/lang/NoSuchMethodError'{0x00000000f0fbf518}: 'int java.lang.invoke.DelegatingMethodHandle$Holder.reinvoke_L(java.lang.Object, java.lang.Object, java.lang.Object, long, long, long)'> (0x00000000f0fbf518) 
thrown [./src/hotspot/share/interpreter/linkResolver.cpp, line 772]
Event: 11618.552 Thread 0x0000706540008e60 Exception <a 'java/lang/NoSuchMethodError'{0x00000000f0fce9e0}: 'int java.lang.invoke.DelegatingMethodHandle$Holder.reinvoke_L(java.lang.Object, java.lang.Object, java.lang.Object, long, int)'> (0x00000000f0fce9e0) 
thrown [./src/hotspot/share/interpreter/linkResolver.cpp, line 772]
Event: 11618.553 Thread 0x0000706540008e60 Exception <a 'java/lang/NoSuchMethodError'{0x00000000f0fe1f00}: 'void java.lang.invoke.DelegatingMethodHandle$Holder.reinvoke_L(java.lang.Object, java.lang.Object, java.lang.Object, long, java.lang.Object, long, long)'> (0x00000000f0fe1f00) 
thrown [./src/hotspot/share/interpreter/linkResolver.cpp, line 772]
Event: 11618.554 Thread 0x0000706540008e60 Exception <a 'java/lang/NoSuchMethodError'{0x00000000f0fea558}: 'long java.lang.invoke.Invokers$Holder.invokeExact_MT(java.lang.Object, java.lang.Object, java.lang.Object)'> (0x00000000f0fea558) 
thrown [./src/hotspot/share/interpreter/linkResolver.cpp, line 772]
Event: 11618.554 Thread 0x0000706540008e60 Exception <a 'java/lang/NoSuchMethodError'{0x00000000f0fef588}: 'int java.lang.invoke.Invokers$Holder.invokeExact_MT(java.lang.Object, java.lang.Object, java.lang.Object)'> (0x00000000f0fef588) 
thrown [./src/hotspot/share/interpreter/linkResolver.cpp, line 772]
Event: 11618.984 Thread 0x0000706540008e60 Exception <a 'java/lang/NoSuchMethodError'{0x00000000fd7f3118}: 'java.lang.Object java.lang.invoke.DirectMethodHandle$Holder.invokeStatic(java.lang.Object, java.lang.Object, java.lang.Object, java.lang.Object, int, java.lang.Object)'> (0x00000000fd7f3118) 
thrown [./src/hotspot/share/interpreter/linkResolver.cpp, line 772]
Event: 11618.997 Thread 0x0000706540008e60 Exception <a 'java/lang/NoSuchMethodError'{0x00000000fd503350}: 'java.lang.Object java.lang.invoke.DelegatingMethodHandle$Holder.reinvoke_L(java.lang.Object, int, long, java.lang.Object, java.lang.Object, int, java.lang.Object)'> (0x00000000fd503350) 
thrown [./src/hotspot/share/interpreter/linkResolver.cpp, line 772]
Event: 11618.998 Thread 0x0000706540008e60 Implicit null exception at 0x000070662547a8ed to 0x000070662547aa7c
Event: 11619.199 Thread 0x0000706540008e60 Exception <a 'java/lang/IncompatibleClassChangeError'{0x00000000fbd1e270}: Found class java.lang.Object, but interface was expected> (0x00000000fbd1e270) 
thrown [./src/hotspot/share/interpreter/linkResolver.cpp, line 840]
Event: 11619.212 Thread 0x0000706540008e60 Exception <a 'java/lang/NoSuchMethodError'{0x00000000fbc7c010}: 'java.lang.Object java.lang.invoke.DirectMethodHandle$Holder.invokeStatic(java.lang.Object, java.lang.Object, long, long)'> (0x00000000fbc7c010) 
thrown [./src/hotspot/share/interpreter/linkResolver.cpp, line 772]
Event: 11619.215 Thread 0x0000706540008e60 Exception <a 'java/lang/NoSuchMethodError'{0x00000000fbcb4620}: 'java.lang.Object java.lang.invoke.DirectMethodHandle$Holder.invokeStatic(java.lang.Object, java.lang.Object, java.lang.Object, long, java.lang.Object)'> (0x00000000fbcb4620) 
thrown [./src/hotspot/share/interpreter/linkResolver.cpp, line 772]
Event: 11619.215 Thread 0x0000706540008e60 Exception <a 'java/lang/NoSuchMethodError'{0x00000000fbcbccf0}: 'java.lang.Object java.lang.invoke.DirectMethodHandle$Holder.newInvokeSpecial(java.lang.Object, java.lang.Object, java.lang.Object, long)'> (0x00000000fbcbccf0) 
thrown [./src/hotspot/share/interpreter/linkResolver.cpp, line 772]
Event: 11619.215 Thread 0x0000706540008e60 Exception <a 'java/lang/NoSuchMethodError'{0x00000000fbcc2240}: 'java.lang.Object java.lang.invoke.Invokers$Holder.linkToTargetMethod(java.lang.Object, java.lang.Object, long, java.lang.Object)'> (0x00000000fbcc2240) 
thrown [./src/hotspot/share/interpreter/linkResolver.cpp, line 772]
Event: 11619.316 Thread 0x0000706540008e60 Implicit null exception at 0x00007066254bbae7 to 0x00007066254bbed0
Event: 11619.446 Thread 0x0000706581a6aa40 Exception <a 'java/io/IOException'{0x00000000f7103410}> (0x00000000f7103410) 
thrown [./src/hotspot/share/prims/jni.cpp, line 520]
Event: 11620.875 Thread 0x0000706540008e60 Exception <a 'java/lang/NoSuchMethodError'{0x00000000fb0ff648}: 'java.lang.Object java.lang.invoke.Invokers$Holder.invokeExact_MT(java.lang.Object, java.lang.Object, long, java.lang.Object)'> (0x00000000fb0ff648) 
thrown [./src/hotspot/share/interpreter/linkResolver.cpp, line 772]
Event: 11620.895 Thread 0x0000706540008e60 Implicit null exception at 0x00007066254ddf90 to 0x00007066254de87c

ZGC Phase Switch (0 events):
No events

VM Operations (20 events):
Event: 11618.510 Executing non-safepoint VM operation: HandshakeAllThreads (Deoptimize) done
Event: 11618.856 Executing safepoint VM operation: G1CollectForAllocation (G1 Evacuation Pause)
Event: 11618.888 Executing safepoint VM operation: G1CollectForAllocation (G1 Evacuation Pause) done
Event: 11619.126 Executing non-safepoint VM operation: HandshakeAllThreads (Deoptimize)
Event: 11619.126 Executing non-safepoint VM operation: HandshakeAllThreads (Deoptimize) done
Event: 11619.279 Executing non-safepoint VM operation: HandshakeAllThreads (Deoptimize)
Event: 11619.279 Executing non-safepoint VM operation: HandshakeAllThreads (Deoptimize) done
Event: 11620.198 Executing safepoint VM operation: ICBufferFull
Event: 11620.198 Executing safepoint VM operation: ICBufferFull done
Event: 11620.447 Executing safepoint VM operation: G1CollectForAllocation (G1 Evacuation Pause)
Event: 11620.508 Executing safepoint VM operation: G1CollectForAllocation (G1 Evacuation Pause) done
Event: 11620.742 Executing non-safepoint VM operation: HandshakeAllThreads (Deoptimize)
Event: 11620.742 Executing non-safepoint VM operation: HandshakeAllThreads (Deoptimize) done
Event: 11620.862 Executing non-safepoint VM operation: HandshakeAllThreads (Deoptimize)
Event: 11620.862 Executing non-safepoint VM operation: HandshakeAllThreads (Deoptimize) done
Event: 11620.908 Executing non-safepoint VM operation: HandshakeAllThreads (Deoptimize)
Event: 11620.908 Executing non-safepoint VM operation: HandshakeAllThreads (Deoptimize) done
Event: 11620.947 Executing non-safepoint VM operation: HandshakeAllThreads (Deoptimize)
Event: 11620.947 Executing non-safepoint VM operation: HandshakeAllThreads (Deoptimize) done
Event: 11621.023 Executing safepoint VM operation: G1TryInitiateConcMark (G1 Humongous Allocation)

Memory protections (20 events):
Event: 11615.297 Protecting memory [0x0000706503c00000,0x0000706503c04000] with protection modes 0
Event: 11615.305 Protecting memory [0x00007065e4ffb000,0x00007065e4fff000] with protection modes 0
Event: 11615.351 Protecting memory [0x00007065e40fb000,0x00007065e40ff000] with protection modes 0
Event: 11615.384 Protecting memory [0x00007065e44fb000,0x00007065e44ff000] with protection modes 0
Event: 11615.563 Protecting memory [0x00007065e5cfb000,0x00007065e5cff000] with protection modes 0
Event: 11615.577 Protecting memory [0x0000706503200000,0x0000706503204000] with protection modes 0
Event: 11615.614 Protecting memory [0x0000706503b00000,0x0000706503b04000] with protection modes 0
Event: 11616.205 Protecting memory [0x000070661072f000,0x0000706610733000] with protection modes 0
Event: 11616.208 Protecting memory [0x00007065e4dfb000,0x00007065e4dff000] with protection modes 0
Event: 11616.210 Protecting memory [0x00007065e42fb000,0x00007065e42ff000] with protection modes 0
Event: 11616.210 Protecting memory [0x00007065e68fe000,0x00007065e6902000] with protection modes 0
Event: 11616.216 Protecting memory [0x00007065e65fe000,0x00007065e6602000] with protection modes 0
Event: 11616.217 Protecting memory [0x00007065e4afb000,0x00007065e4aff000] with protection modes 0
Event: 11616.218 Protecting memory [0x00007065e45fb000,0x00007065e45ff000] with protection modes 0
Event: 11616.236 Protecting memory [0x00007065e46fb000,0x00007065e46ff000] with protection modes 0
Event: 11616.771 Protecting memory [0x00007065e41fb000,0x00007065e41ff000] with protection modes 0
Event: 11618.025 Protecting memory [0x00007065e67fe000,0x00007065e6802000] with protection modes 0
Event: 11618.757 Protecting memory [0x0000706503e00000,0x0000706503e04000] with protection modes 0
Event: 11618.757 Protecting memory [0x00007065e5bfb000,0x00007065e5bff000] with protection modes 0
Event: 11618.774 Protecting memory [0x00007065e50fb000,0x00007065e50ff000] with protection modes 0

Nmethod flushes (20 events):
Event: 11255.664 Thread 0x000070663417d240 flushing  nmethod 0x000070661e5df890
Event: 11255.664 Thread 0x000070663417d240 flushing  nmethod 0x000070661e756790
Event: 11255.664 Thread 0x000070663417d240 flushing  nmethod 0x000070661d267310
Event: 11255.664 Thread 0x000070663417d240 flushing  nmethod 0x000070661dad7310
Event: 11255.664 Thread 0x000070663417d240 flushing  nmethod 0x000070661db0f590
Event: 11255.664 Thread 0x000070663417d240 flushing  nmethod 0x000070661dea6810
Event: 11255.664 Thread 0x000070663417d240 flushing  nmethod 0x000070661deaa890
Event: 11255.664 Thread 0x000070663417d240 flushing  nmethod 0x000070661e217d90
Event: 11255.664 Thread 0x000070663417d240 flushing  nmethod 0x000070661e219310
Event: 11255.664 Thread 0x000070663417d240 flushing  nmethod 0x000070661e219710
Event: 11255.664 Thread 0x000070663417d240 flushing  nmethod 0x000070661e21b390
Event: 11255.664 Thread 0x000070663417d240 flushing  nmethod 0x000070661e220d90
Event: 11255.664 Thread 0x000070663417d240 flushing  nmethod 0x000070661e2ba210
Event: 11255.664 Thread 0x000070663417d240 flushing  nmethod 0x000070661e33b710
Event: 11255.664 Thread 0x000070663417d240 flushing  nmethod 0x000070661e342f90
Event: 11255.664 Thread 0x000070663417d240 flushing  nmethod 0x000070661e344f90
Event: 11255.664 Thread 0x000070663417d240 flushing  nmethod 0x000070661e3cf690
Event: 11255.664 Thread 0x000070663417d240 flushing  nmethod 0x000070661e47a710
Event: 11255.664 Thread 0x000070663417d240 flushing  nmethod 0x000070661e5cb190
Event: 11255.664 Thread 0x000070663417d240 flushing  nmethod 0x000070661e5cb590

Events (20 events):
Event: 11615.296 Thread 0x0000706540008e60 Thread added: 0x000070658c16b4d0
Event: 11615.304 Thread 0x0000706540008e60 Thread added: 0x000070658c1711b0
Event: 11615.351 Thread 0x0000706540008e60 Thread added: 0x000070658c17e600
Event: 11615.384 Thread 0x0000706540008e60 Thread added: 0x000070658c186150
Event: 11615.563 Thread 0x0000706540008e60 Thread added: 0x000070658c2f9e50
Event: 11615.577 Thread 0x0000706540008e60 Thread added: 0x000070658c2fa700
Event: 11615.614 Thread 0x0000706540008e60 Thread added: 0x000070658c2f6700
Event: 11616.205 Thread 0x0000706540008e60 Thread added: 0x000070658c105ff0
Event: 11616.207 Thread 0x0000706540008e60 Thread added: 0x000070658c106d20
Event: 11616.209 Thread 0x0000706540008e60 Thread added: 0x000070658c107ab0
Event: 11616.210 Thread 0x0000706540008e60 Thread added: 0x000070658c1088f0
Event: 11616.216 Thread 0x0000706540008e60 Thread added: 0x000070658c1096d0
Event: 11616.217 Thread 0x0000706540008e60 Thread added: 0x000070658c10a520
Event: 11616.218 Thread 0x0000706540008e60 Thread added: 0x000070658c10b700
Event: 11616.236 Thread 0x0000706540008e60 Thread added: 0x000070658c10c9a0
Event: 11616.771 Thread 0x0000706540008e60 Thread added: 0x000070658c126cd0
Event: 11618.025 Thread 0x0000706540008e60 Thread added: 0x000070658c556230
Event: 11618.757 Thread 0x0000706540008e60 Thread added: 0x000070658c874f40
Event: 11618.757 Thread 0x0000706540008e60 Thread added: 0x000070658c875830
Event: 11618.774 Thread 0x000070658c875830 Thread added: 0x0000706510008b80


Dynamic libraries:
e0000000-f9f00000 rw-p 00000000 00:00 0 
f9f00000-fe100000 rw-p 00000000 00:00 0 
fe100000-ff600000 ---p 00000000 00:00 0 
ff600000-ff700000 rw-p 00000000 00:00 0 
ff700000-ff800000 ---p 00000000 00:00 0 
ff800000-ffd00000 rw-p 00000000 00:00 0 
ffd00000-100000000 ---p 00000000 00:00 0 
58398bb63000-58398bb64000 r--p 00000000 103:06 26345778                  /usr/lib/jvm/java-21-openjdk-amd64/bin/java
58398bb64000-58398bb65000 r-xp 00001000 103:06 26345778                  /usr/lib/jvm/java-21-openjdk-amd64/bin/java
58398bb65000-58398bb66000 r--p 00002000 103:06 26345778                  /usr/lib/jvm/java-21-openjdk-amd64/bin/java
58398bb66000-58398bb67000 r--p 00002000 103:06 26345778                  /usr/lib/jvm/java-21-openjdk-amd64/bin/java
58398bb67000-58398bb68000 rw-p 00003000 103:06 26345778                  /usr/lib/jvm/java-21-openjdk-amd64/bin/java
5839c6019000-5839c6061000 rw-p 00000000 00:00 0                          [heap]
7064e0000000-7064e0a60000 rw-p 00000000 00:00 0 
7064e0a60000-7064e4000000 ---p 00000000 00:00 0 
7064e4800000-7064e8165000 r--s 00000000 103:06 2384679                   /home/vanille/.gradle/caches/modules-2/files-2.1/org.jetbrains.kotlin/kotlin-compiler-embeddable/1.9.24/78dab849090e6c5e2eadb6e59a11cdc28fb67a08/kotlin-compiler-embeddable-1.9.24.jar
7064e8200000-7064f3701000 r--s 00000000 103:06 2380688                   /home/vanille/.gradle/caches/9.5.1/generated-gradle-jars/gradle-api-9.5.1.jar
7064f3800000-7064fbe51000 r--s 00000000 103:06 26378423                  /usr/lib/jvm/java-21-openjdk-amd64/lib/modules
7064fc000000-7064fc021000 rw-p 00000000 00:00 0 
7064fc021000-706500000000 ---p 00000000 00:00 0 
706500c00000-70650135c000 r--s 00000000 103:06 10793377                  /opt/gradle/gradle-9.5.1/lib/groovy-4.0.29.jar
706501400000-706501632000 r--s 00000000 103:06 10793326                  /opt/gradle/gradle-9.5.1/lib/gradle-kotlin-dsl-9.5.1.jar
706501800000-706501aca000 r--s 00000000 103:06 2381612                   /home/vanille/.gradle/caches/modules-2/files-2.1/org.jetbrains.kotlin/kotlin-gradle-plugin-idea-proto/1.9.24/6cbed8e30d8dd9893288df9c90b0e63845484650/kotlin-gradle-plugin-idea-proto-1.9.24.jar
706501c00000-706502979000 r--s 00000000 103:06 2384657                   /home/vanille/.gradle/caches/modules-2/files-2.1/org.jetbrains.kotlin/kotlin-gradle-plugin/1.9.24/b6f5f875b19f9240f2e83e00f6f2b9dff1ebc2c3/kotlin-gradle-plugin-1.9.24-gradle82.jar
7065029b2000-706502c96000 rw-p 00000000 00:00 0 
706502c96000-706502e00000 r--s 00000000 103:06 2384697                   /home/vanille/.gradle/caches/modules-2/files-2.1/org.jetbrains.kotlinx/kotlinx-coroutines-core-jvm/1.5.0/d8cebccdcddd029022aa8646a5a953ff88b13ac8/kotlinx-coroutines-core-jvm-1.5.0.jar
706502e00000-706503177000 r--s 00000000 103:06 10793452                  /opt/gradle/gradle-9.5.1/lib/kotlin-reflect-2.3.20.jar
706503200000-706503204000 ---p 00000000 00:00 0 
706503204000-706503300000 rw-p 00000000 00:00 0 
706503400000-706503404000 ---p 00000000 00:00 0 
706503404000-706503500000 rw-p 00000000 00:00 0 
706503500000-706503504000 ---p 00000000 00:00 0 
706503504000-706503600000 rw-p 00000000 00:00 0 
706503647000-706503800000 r--s 00000000 103:06 10793456                  /opt/gradle/gradle-9.5.1/lib/kotlin-stdlib-2.3.20.jar
706503800000-706503804000 ---p 00000000 00:00 0 
706503804000-706503900000 rw-p 00000000 00:00 0 
706503a00000-706503a04000 ---p 00000000 00:00 0 
706503a04000-706503b00000 rw-p 00000000 00:00 0 
706503b00000-706503b04000 ---p 00000000 00:00 0 
706503b04000-706503c00000 rw-p 00000000 00:00 0 
706503c00000-706503c04000 ---p 00000000 00:00 0 
706503c04000-706503d00000 rw-p 00000000 00:00 0 
706503e00000-706503e04000 ---p 00000000 00:00 0 
706503e04000-706503f00000 rw-p 00000000 00:00 0 
706503f00000-706503f04000 ---p 00000000 00:00 0 
706503f04000-706504000000 rw-p 00000000 00:00 0 
706504000000-706504096000 rw-p 00000000 00:00 0 
706504096000-706508000000 ---p 00000000 00:00 0 
706508000000-706508302000 rw-p 00000000 00:00 0 
706508302000-70650c000000 ---p 00000000 00:00 0 
70650c000000-70650c100000 rw-p 00000000 00:00 0 
70650c100000-70650c200000 rw-p 00000000 00:00 0 
70650c200000-70650c6c0000 rw-p 00000000 00:00 0 
70650c6c0000-70650c700000 rw-p 00000000 00:00 0 
70650c700000-70650c840000 rw-p 00000000 00:00 0 
70650c840000-70650c880000 rw-p 00000000 00:00 0 
70650c880000-70650c900000 rw-p 00000000 00:00 0 
70650c900000-70650cb00000 rw-p 00000000 00:00 0 
70650cb00000-70650cb80000 rw-p 00000000 00:00 0 
70650cb80000-70650cc00000 rw-p 00000000 00:00 0 
70650cc00000-70650d500000 rw-p 00000000 00:00 0 
70650d500000-70650d600000 rw-p 00000000 00:00 0 
70650d600000-70650df00000 rw-p 00000000 00:00 0 
70650df00000-70650e000000 rw-p 00000000 00:00 0 
70650e000000-70650e300000 rw-p 00000000 00:00 0 
70650e300000-70650e340000 rw-p 00000000 00:00 0 
70650e340000-70650e360000 rw-p 00000000 00:00 0 
70650e360000-70650ed80000 rw-p 00000000 00:00 0 
70650ed80000-70650edb0000 rw-p 00000000 00:00 0 
70650edb0000-70650ee00000 ---p 00000000 00:00 0 
70650ee00000-706510000000 rw-p 00000000 00:00 0 
706510000000-706511e1b000 rw-p 00000000 00:00 0 
706511e1b000-706514000000 ---p 00000000 00:00 0 
706514000000-706514057000 rw-p 00000000 00:00 0 
706514057000-706518000000 ---p 00000000 00:00 0 
706518000000-7065188eb000 rw-p 00000000 00:00 0 
7065188eb000-70651c000000 ---p 00000000 00:00 0 
70651c000000-70651cc73000 rw-p 00000000 00:00 0 
70651cc73000-706520000000 ---p 00000000 00:00 0 
706520000000-7065200aa000 rw-p 00000000 00:00 0 
7065200aa000-706524000000 ---p 00000000 00:00 0 
706524000000-706525eb9000 rw-p 00000000 00:00 0 
706525eb9000-706528000000 ---p 00000000 00:00 0 
706528000000-706528071000 rw-p 00000000 00:00 0 
706528071000-70652c000000 ---p 00000000 00:00 0 
70652c000000-70652cb4b000 rw-p 00000000 00:00 0 
70652cb4b000-706530000000 ---p 00000000 00:00 0 
706530000000-70653002a000 rw-p 00000000 00:00 0 
70653002a000-706534000000 ---p 00000000 00:00 0 
706534000000-7065351a3000 rw-p 00000000 00:00 0 
7065351a3000-706538000000 ---p 00000000 00:00 0 
706538000000-706538758000 rw-p 00000000 00:00 0 
706538758000-70653c000000 ---p 00000000 00:00 0 
70653c000000-70653d1a4000 rw-p 00000000 00:00 0 
70653d1a4000-706540000000 ---p 00000000 00:00 0 
706540000000-706540021000 rw-p 00000000 00:00 0 
706540021000-706544000000 ---p 00000000 00:00 0 
706544000000-706544021000 rw-p 00000000 00:00 0 
706544021000-706548000000 ---p 00000000 00:00 0 
706548000000-7065480d2000 rw-p 00000000 00:00 0 
7065480d2000-70654c000000 ---p 00000000 00:00 0 
70654c000000-70654d702000 rw-p 00000000 00:00 0 
70654d702000-706550000000 ---p 00000000 00:00 0 
706550000000-706550021000 rw-p 00000000 00:00 0 
706550021000-706554000000 ---p 00000000 00:00 0 
706554000000-706554022000 rw-p 00000000 00:00 0 
706554022000-706558000000 ---p 00000000 00:00 0 
706558000000-706559861000 rw-p 00000000 00:00 0 
706559861000-70655c000000 ---p 00000000 00:00 0 
70655c000000-70655c021000 rw-p 00000000 00:00 0 
70655c021000-706560000000 ---p 00000000 00:00 0 
706560000000-70656007c000 rw-p 00000000 00:00 0 
70656007c000-706564000000 ---p 00000000 00:00 0 
706564000000-706564114000 rw-p 00000000 00:00 0 
706564114000-706568000000 ---p 00000000 00:00 0 
706568000000-7065680d1000 rw-p 00000000 00:00 0 
7065680d1000-70656c000000 ---p 00000000 00:00 0 
70656c000000-70656c09f000 rw-p 00000000 00:00 0 
70656c09f000-706570000000 ---p 00000000 00:00 0 
706570000000-706570021000 rw-p 00000000 00:00 0 
706570021000-706574000000 ---p 00000000 00:00 0 
706574000000-706574107000 rw-p 00000000 00:00 0 
706574107000-706578000000 ---p 00000000 00:00 0 
706578000000-706579c43000 rw-p 00000000 00:00 0 
706579c43000-70657c000000 ---p 00000000 00:00 0 
70657c000000-70657c021000 rw-p 00000000 00:00 0 
70657c021000-706580000000 ---p 00000000 00:00 0 
706580000000-706582cd7000 rw-p 00000000 00:00 0 
706582cd7000-706584000000 ---p 00000000 00:00 0 
706584000000-706584063000 rw-p 00000000 00:00 0 
706584063000-706588000000 ---p 00000000 00:00 0 
706588000000-7065890ee000 rw-p 00000000 00:00 0 
7065890ee000-70658c000000 ---p 00000000 00:00 0 
70658c000000-70658dbbb000 rw-p 00000000 00:00 0 
70658dbbb000-706590000000 ---p 00000000 00:00 0 
706590000000-706590021000 rw-p 00000000 00:00 0 
706590021000-706594000000 ---p 00000000 00:00 0 
706594000000-70659409e000 rw-p 00000000 00:00 0 
70659409e000-706598000000 ---p 00000000 00:00 0 
706598000000-706598021000 rw-p 00000000 00:00 0 
706598021000-70659c000000 ---p 00000000 00:00 0 
70659c000000-70659c057000 rw-p 00000000 00:00 0 
70659c057000-7065a0000000 ---p 00000000 00:00 0 
7065a0000000-7065a0070000 rw-p 00000000 00:00 0 
7065a0070000-7065a4000000 ---p 00000000 00:00 0 
7065a4000000-7065a4076000 rw-p 00000000 00:00 0 
7065a4076000-7065a8000000 ---p 00000000 00:00 0 
7065a8000000-7065a8085000 rw-p 00000000 00:00 0 
7065a8085000-7065ac000000 ---p 00000000 00:00 0 
7065ac000000-7065ac28e000 rw-p 00000000 00:00 0 
7065ac28e000-7065b0000000 ---p 00000000 00:00 0 
7065b0000000-7065b1b46000 rw-p 00000000 00:00 0 
7065b1b46000-7065b4000000 ---p 00000000 00:00 0 
7065b4000000-7065b43d5000 rw-p 00000000 00:00 0 
7065b43d5000-7065b8000000 ---p 00000000 00:00 0 
7065b8000000-7065b8021000 rw-p 00000000 00:00 0 
7065b8021000-7065bc000000 ---p 00000000 00:00 0 
7065bc000000-7065bd775000 rw-p 00000000 00:00 0 
7065bd775000-7065c0000000 ---p 00000000 00:00 0 
7065c0000000-7065c0d8b000 rw-p 00000000 00:00 0 
7065c0d8b000-7065c4000000 ---p 00000000 00:00 0 
7065c4000000-7065c4021000 rw-p 00000000 00:00 0 
7065c4021000-7065c8000000 ---p 00000000 00:00 0 
7065c8000000-7065c8021000 rw-p 00000000 00:00 0 
7065c8021000-7065cc000000 ---p 00000000 00:00 0 
7065cc000000-7065ce60c000 rw-p 00000000 00:00 0 
7065ce60c000-7065d0000000 ---p 00000000 00:00 0 
7065d0000000-7065d0021000 rw-p 00000000 00:00 0 
7065d0021000-7065d4000000 ---p 00000000 00:00 0 
7065d4000000-7065d409d000 rw-p 00000000 00:00 0 
7065d409d000-7065d8000000 ---p 00000000 00:00 0 
7065d8000000-7065d8021000 rw-p 00000000 00:00 0 
7065d8021000-7065dc000000 ---p 00000000 00:00 0 
7065dc000000-7065dc1c3000 rw-p 00000000 00:00 0 
7065dc1c3000-7065e0000000 ---p 00000000 00:00 0 
7065e0000000-7065e1983000 rw-p 00000000 00:00 0 
7065e1983000-7065e4000000 ---p 00000000 00:00 0 
7065e406c000-7065e40fb000 r--s 00000000 103:06 2384695                   /home/vanille/.gradle/caches/modules-2/files-2.1/org.jetbrains.kotlin/kotlin-daemon-client/1.9.24/2e099afd326c9d61474f95bf674fb749a8e150ca/kotlin-daemon-client-1.9.24.jar
7065e40fb000-7065e40ff000 ---p 00000000 00:00 0 
7065e40ff000-7065e41fb000 rw-p 00000000 00:00 0 
7065e41fb000-7065e41ff000 ---p 00000000 00:00 0 
7065e41ff000-7065e42fb000 rw-p 00000000 00:00 0 
7065e42fb000-7065e42ff000 ---p 00000000 00:00 0 
7065e42ff000-7065e43fb000 rw-p 00000000 00:00 0 
7065e43fb000-7065e43ff000 ---p 00000000 00:00 0 
7065e43ff000-7065e44fb000 rw-p 00000000 00:00 0 
7065e44fb000-7065e44ff000 ---p 00000000 00:00 0 
7065e44ff000-7065e45fb000 rw-p 00000000 00:00 0 
7065e45fb000-7065e45ff000 ---p 00000000 00:00 0 
7065e45ff000-7065e46fb000 rw-p 00000000 00:00 0 
7065e46fb000-7065e46ff000 ---p 00000000 00:00 0 
7065e46ff000-7065e47fb000 rw-p 00000000 00:00 0 
7065e47fb000-7065e47ff000 ---p 00000000 00:00 0 
7065e47ff000-7065e48fb000 rw-p 00000000 00:00 0 
7065e48fb000-7065e48ff000 ---p 00000000 00:00 0 
7065e48ff000-7065e49fb000 rw-p 00000000 00:00 0 
7065e49fb000-7065e49ff000 ---p 00000000 00:00 0 
7065e49ff000-7065e4afb000 rw-p 00000000 00:00 0 
7065e4afb000-7065e4aff000 ---p 00000000 00:00 0 
7065e4aff000-7065e4bfb000 rw-p 00000000 00:00 0 
7065e4bfb000-7065e4bff000 ---p 00000000 00:00 0 
7065e4bff000-7065e4cfb000 rw-p 00000000 00:00 0 
7065e4cfb000-7065e4cff000 ---p 00000000 00:00 0 
7065e4cff000-7065e4dfb000 rw-p 00000000 00:00 0 
7065e4dfb000-7065e4dff000 ---p 00000000 00:00 0 
7065e4dff000-7065e4efb000 rw-p 00000000 00:00 0 
7065e4efb000-7065e4eff000 ---p 00000000 00:00 0 
7065e4eff000-7065e4ffb000 rw-p 00000000 00:00 0 
7065e4ffb000-7065e4fff000 ---p 00000000 00:00 0 
7065e4fff000-7065e50fb000 rw-p 00000000 00:00 0 
7065e50fb000-7065e50ff000 ---p 00000000 00:00 0 
7065e50ff000-7065e51fb000 rw-p 00000000 00:00 0 
7065e51fb000-7065e51ff000 ---p 00000000 00:00 0 
7065e51ff000-7065e52fb000 rw-p 00000000 00:00 0 
7065e52fb000-7065e52ff000 ---p 00000000 00:00 0 
7065e52ff000-7065e53fb000 rw-p 00000000 00:00 0 
7065e53fb000-7065e53ff000 ---p 00000000 00:00 0 
7065e53ff000-7065e54fb000 rw-p 00000000 00:00 0 
7065e54fb000-7065e54ff000 ---p 00000000 00:00 0 
7065e54ff000-7065e55fb000 rw-p 00000000 00:00 0 
7065e55fb000-7065e55ff000 ---p 00000000 00:00 0 
7065e55ff000-7065e56fb000 rw-p 00000000 00:00 0 
7065e56fb000-7065e56ff000 ---p 00000000 00:00 0 
7065e56ff000-7065e57fb000 rw-p 00000000 00:00 0 
7065e57fb000-7065e57ff000 ---p 00000000 00:00 0 
7065e57ff000-7065e58fb000 rw-p 00000000 00:00 0 
7065e58fb000-7065e58ff000 ---p 00000000 00:00 0 
7065e58ff000-7065e59fb000 rw-p 00000000 00:00 0 
7065e59fb000-7065e59ff000 ---p 00000000 00:00 0 
7065e59ff000-7065e5afb000 rw-p 00000000 00:00 0 
7065e5afb000-7065e5aff000 ---p 00000000 00:00 0 
7065e5aff000-7065e5bfb000 rw-p 00000000 00:00 0 
7065e5bfb000-7065e5bff000 ---p 00000000 00:00 0 
7065e5bff000-7065e5cfb000 rw-p 00000000 00:00 0 
7065e5cfb000-7065e5cff000 ---p 00000000 00:00 0 
7065e5cff000-7065e5dfb000 rw-p 00000000 00:00 0 
7065e5dfb000-7065e5dfc000 ---p 00000000 00:00 0 
7065e5dfc000-7065e5efc000 rw-p 00000000 00:00 0 
7065e5efc000-7065e5efd000 ---p 00000000 00:00 0 
7065e5efd000-7065e5ffd000 rw-p 00000000 00:00 0 
7065e5ffd000-7065e5ffe000 ---p 00000000 00:00 0 
7065e5ffe000-7065e60fe000 rw-p 00000000 00:00 0 
7065e60fe000-7065e6102000 ---p 00000000 00:00 0 
7065e6102000-7065e61fe000 rw-p 00000000 00:00 0 
7065e61fe000-7065e6202000 ---p 00000000 00:00 0 
7065e6202000-7065e62fe000 rw-p 00000000 00:00 0 
7065e62fe000-7065e6302000 ---p 00000000 00:00 0 
7065e6302000-7065e63fe000 rw-p 00000000 00:00 0 
7065e63fe000-7065e6402000 ---p 00000000 00:00 0 
7065e6402000-7065e64fe000 rw-p 00000000 00:00 0 
7065e64fe000-7065e6502000 ---p 00000000 00:00 0 
7065e6502000-7065e65fe000 rw-p 00000000 00:00 0 
7065e65fe000-7065e6602000 ---p 00000000 00:00 0 
7065e6602000-7065e66fe000 rw-p 00000000 00:00 0 
7065e66fe000-7065e6702000 ---p 00000000 00:00 0 
7065e6702000-7065e67fe000 rw-p 00000000 00:00 0 
7065e67fe000-7065e6802000 ---p 00000000 00:00 0 
7065e6802000-7065e68fe000 rw-p 00000000 00:00 0 
7065e68fe000-7065e6902000 ---p 00000000 00:00 0 
7065e6902000-7065e69fe000 rw-p 00000000 00:00 0 
7065e6a09000-7065e6a42000 r--s 00000000 103:06 2384701                   /home/vanille/.gradle/caches/modules-2/files-2.1/org.jetbrains.kotlin/kotlin-scripting-common/1.9.24/48e672815d9b6bb7fcebb8c1bd2de0c449e4fb16/kotlin-scripting-common-1.9.24.jar
7065e6a42000-7065e6a91000 r--s 00000000 103:06 2384660                   /home/vanille/.gradle/caches/modules-2/files-2.1/org.jetbrains.kotlin/kotlin-scripting-compiler-impl-embeddable/1.9.24/e1c67ba2d4663fbb142770f473230acc84ffdc07/kotlin-scripting-compiler-impl-embeddable-1.9.24.jar
7065e6a91000-7065e6afe000 r--s 00000000 103:06 2384661                   /home/vanille/.gradle/caches/modules-2/files-2.1/org.jetbrains.kotlin/kotlin-scripting-compiler-embeddable/1.9.24/1e6b33f8a691420c1265349809192b66b7e56e8b/kotlin-scripting-compiler-embeddable-1.9.24.jar
7065e6afe000-7065e6b02000 ---p 00000000 00:00 0 
7065e6b02000-7065e6bfe000 rw-p 00000000 00:00 0 
7065e6bfe000-7065e6c02000 ---p 00000000 00:00 0 
7065e6c02000-7065e6cfe000 rw-p 00000000 00:00 0 
7065e6cfe000-7065e6d02000 ---p 00000000 00:00 0 
7065e6d02000-7065e6dfe000 rw-p 00000000 00:00 0 
7065e6dfe000-7065e6dff000 ---p 00000000 00:00 0 
7065e6dff000-7065e6eff000 rw-p 00000000 00:00 0 
7065e6eff000-7065e6f00000 ---p 00000000 00:00 0 
7065e6f00000-7065e7000000 rw-p 00000000 00:00 0 
7065e7000000-7065e7400000 rw-p 00000000 00:00 0 
7065e7400000-7065e7900000 rw-p 00000000 00:00 0 
7065e7900000-7065e7a00000 rw-p 00000000 00:00 0 
7065e7a00000-7065e7d80000 rw-p 00000000 00:00 0 
7065e7d80000-7065e7e00000 rw-p 00000000 00:00 0 
7065e7e00000-7065e8780000 rw-p 00000000 00:00 0 
7065e8780000-7065e8800000 rw-p 00000000 00:00 0 
7065e8800000-7065e8d00000 rw-p 00000000 00:00 0 
7065e8d00000-7065e8e00000 rw-p 00000000 00:00 0 
7065e8e00000-7065e9900000 rw-p 00000000 00:00 0 
7065e9900000-7065e9a00000 rw-p 00000000 00:00 0 
7065e9a00000-7065ea100000 rw-p 00000000 00:00 0 
7065ea100000-7065ea300000 rw-p 00000000 00:00 0 
7065ea300000-7065ea400000 rw-p 00000000 00:00 0 
7065ea400000-7065eb000000 rw-p 00000000 00:00 0 
7065eb000000-7065ebc9c000 rw-p 00001000 103:06 26378424                  /usr/lib/jvm/java-21-openjdk-amd64/lib/server/classes.jsa
7065ebc9c000-7065ec000000 ---p 00000000 00:00 0 
7065ec000000-7065ec040000 rw-p 00000000 00:00 0 
7065ec040000-7065ec080000 rw-p 00000000 00:00 0 
7065ec080000-7065ec140000 rw-p 00000000 00:00 0 
7065ec140000-7065ec180000 rw-p 00000000 00:00 0 
7065ec180000-7065ec540000 rw-p 00000000 00:00 0 
7065ec540000-7065ec580000 rw-p 00000000 00:00 0 
7065ec580000-7065ec940000 rw-p 00000000 00:00 0 
7065ec940000-7065ecc40000 rw-p 00000000 00:00 0 
7065ecc40000-7065ecc80000 rw-p 00000000 00:00 0 
7065ecc80000-7065eccc0000 rw-p 00000000 00:00 0 
7065eccc0000-7065ecdb0000 rw-p 00000000 00:00 0 
7065ecdb0000-7065ecdc0000 ---p 00000000 00:00 0 
7065ecdc0000-7065ed4d0000 rw-p 00000000 00:00 0 
7065ed4d0000-706600000000 ---p 00000000 00:00 0 
706600000000-706600021000 rw-p 00000000 00:00 0 
706600021000-706604000000 ---p 00000000 00:00 0 
706604000000-706604021000 rw-p 00000000 00:00 0 
706604021000-706608000000 ---p 00000000 00:00 0 
706608000000-70660803b000 rw-p 00000000 00:00 0 
70660803b000-70660c000000 ---p 00000000 00:00 0 
70660c000000-70660c22e000 rw-p 00000000 00:00 0 
70660c22e000-706610000000 ---p 00000000 00:00 0 
706610013000-70661008e000 r--s 00000000 103:06 2384654                   /home/vanille/.gradle/caches/modules-2/files-2.1/org.jetbrains.kotlin/kotlin-android-extensions/1.9.24/8f507629deb592b3378eea1797506bf35c370159/kotlin-android-extensions-1.9.24.jar
70661009b000-7066100fd000 r--s 00000000 103:06 2384709                   /home/vanille/.gradle/caches/modules-2/files-2.1/org.jetbrains.kotlin/kotlin-daemon-embeddable/1.9.24/86685b9c5e8d170925bd9ddbdc263374a6a73281/kotlin-daemon-embeddable-1.9.24.jar
7066100fd000-7066100fe000 ---p 00000000 00:00 0 
7066100fe000-7066101fe000 rw-p 00000000 00:00 0 
7066101fe000-7066101ff000 ---p 00000000 00:00 0 
7066101ff000-7066102ff000 rw-p 00000000 00:00 0 
7066102ff000-706610300000 ---p 00000000 00:00 0 
706610300000-706610400000 rw-p 00000000 00:00 0 
706610400000-706610405000 r-xp 00000000 103:06 2380501                   /home/vanille/.gradle/native/660c5614fbf4a5f2a75b1949f50a0caf5cd603558e7d8a26e50b933a0cfb79d1/linux-amd64/libnative-platform.so
706610405000-706610605000 ---p 00005000 103:06 2380501                   /home/vanille/.gradle/native/660c5614fbf4a5f2a75b1949f50a0caf5cd603558e7d8a26e50b933a0cfb79d1/linux-amd64/libnative-platform.so
706610605000-706610606000 r--p 00005000 103:06 2380501                   /home/vanille/.gradle/native/660c5614fbf4a5f2a75b1949f50a0caf5cd603558e7d8a26e50b933a0cfb79d1/linux-amd64/libnative-platform.so
706610606000-706610607000 rw-p 00006000 103:06 2380501                   /home/vanille/.gradle/native/660c5614fbf4a5f2a75b1949f50a0caf5cd603558e7d8a26e50b933a0cfb79d1/linux-amd64/libnative-platform.so
706610632000-706610664000 r--s 00000000 103:06 2384699                   /home/vanille/.gradle/caches/modules-2/files-2.1/org.jetbrains.kotlin/kotlin-scripting-jvm/1.9.24/f179cc31fb89102c0e229c23b7d852d9840e13c7/kotlin-scripting-jvm-1.9.24.jar
706610664000-70661069f000 r--s 00000000 103:06 2384681                   /home/vanille/.gradle/caches/modules-2/files-2.1/org.jetbrains.kotlin/kotlin-gradle-plugin-api/1.9.24/346254737044a5b3874ce50e314b16af8e03258e/kotlin-gradle-plugin-api-1.9.24.jar
70661069f000-7066106db000 r--p 00000000 103:06 2380542                   /home/vanille/.gradle/native/0.2.8/x86_64-linux-gnu/libgradle-fileevents.so
7066106db000-706610723000 r-xp 0003b000 103:06 2380542                   /home/vanille/.gradle/native/0.2.8/x86_64-linux-gnu/libgradle-fileevents.so
706610723000-70661072c000 r--p 00082000 103:06 2380542                   /home/vanille/.gradle/native/0.2.8/x86_64-linux-gnu/libgradle-fileevents.so
70661072c000-70661072d000 rw-p 0008a000 103:06 2380542                   /home/vanille/.gradle/native/0.2.8/x86_64-linux-gnu/libgradle-fileevents.so
70661072d000-70661072f000 rw-p 00000000 00:00 0 
70661072f000-706610733000 ---p 00000000 00:00 0 
706610733000-70661082f000 rw-p 00000000 00:00 0 
70661082f000-706610833000 ---p 00000000 00:00 0 
706610833000-70661092f000 rw-p 00000000 00:00 0 
70661092f000-706610933000 ---p 00000000 00:00 0 
706610933000-706610a2f000 rw-p 00000000 00:00 0 
706610a2f000-706610a33000 ---p 00000000 00:00 0 
706610a33000-706610b2f000 rw-p 00000000 00:00 0 
706610b2f000-706610b34000 r--p 00000000 103:06 26378407                  /usr/lib/jvm/java-21-openjdk-amd64/lib/libjsvml.so
706610b34000-706610b75000 r-xp 00005000 103:06 26378407                  /usr/lib/jvm/java-21-openjdk-amd64/lib/libjsvml.so
706610b75000-706610bfe000 r--p 00046000 103:06 26378407                  /usr/lib/jvm/java-21-openjdk-amd64/lib/libjsvml.so
706610bfe000-706610bff000 r--p 000ce000 103:06 26378407                  /usr/lib/jvm/java-21-openjdk-amd64/lib/libjsvml.so
706610bff000-706610c00000 rw-p 000cf000 103:06 26378407                  /usr/lib/jvm/java-21-openjdk-amd64/lib/libjsvml.so
706610c00000-706610c04000 ---p 00000000 00:00 0 
706610c04000-706610d00000 rw-p 00000000 00:00 0 
706610d00000-706610d04000 ---p 00000000 00:00 0 
706610d04000-706610e00000 rw-p 00000000 00:00 0 
706610e00000-706610e04000 ---p 00000000 00:00 0 
706610e04000-706610f00000 rw-p 00000000 00:00 0 
706610f00000-706610f04000 ---p 00000000 00:00 0 
706610f04000-706611000000 rw-p 00000000 00:00 0 
706611000000-706611004000 ---p 00000000 00:00 0 
706611004000-706611100000 rw-p 00000000 00:00 0 
706611100000-706611104000 ---p 00000000 00:00 0 
706611104000-706611200000 rw-p 00000000 00:00 0 
706611200000-706611775000 r--p 00000000 103:06 25952644                  /usr/lib/locale/locale-archive
706611778000-70661177c000 ---p 00000000 00:00 0 
70661177c000-706611878000 rw-p 00000000 00:00 0 
706611878000-706611879000 ---p 00000000 00:00 0 
706611879000-706611979000 rw-p 00000000 00:00 0 
706611979000-70661197a000 ---p 00000000 00:00 0 
70661197a000-706611a7a000 rw-p 00000000 00:00 0 
706611a7a000-706611afb000 rw-p 00000000 00:00 0 
706611afb000-706611afc000 ---p 00000000 00:00 0 
706611afc000-706611bfc000 rw-p 00000000 00:00 0 
706611bfc000-706611bfd000 ---p 00000000 00:00 0 
706611bfd000-706611cfd000 rw-p 00000000 00:00 0 
706611cfd000-70661405d000 rw-p 00000000 00:00 0 
70661405d000-706618000000 ---p 00000000 00:00 0 
706618000000-706618021000 rw-p 00000000 00:00 0 
706618021000-70661c000000 ---p 00000000 00:00 0 
70661c000000-70661c67c000 rw-p 00000000 00:00 0 
70661c67c000-70661c784000 rw-p 00000000 00:00 0 
70661c784000-70661c7d8000 ---p 00000000 00:00 0 
70661c7d8000-70661c7dc000 rw-p 00000000 00:00 0 
70661c7dc000-70661c7e0000 ---p 00000000 00:00 0 
70661c7e0000-70661c7f4000 rw-p 00000000 00:00 0 
70661c7f4000-70661c800000 ---p 00000000 00:00 0 
70661c800000-70661ee80000 rwxp 00000000 00:00 0 
70661ee80000-706623d37000 ---p 00000000 00:00 0 
706623d37000-7066240a7000 rwxp 00000000 00:00 0 
7066240a7000-7066242c9000 ---p 00000000 00:00 0 
7066242c9000-706625559000 rwxp 00000000 00:00 0 
706625559000-70662b800000 ---p 00000000 00:00 0 
70662b800000-706633e51000 r--s 00000000 103:06 26378423                  /usr/lib/jvm/java-21-openjdk-amd64/lib/modules
706633e5c000-706633e82000 r--s 00000000 103:06 10793167                  /opt/gradle/gradle-9.5.1/lib/gradle-kotlin-dsl-extensions-9.5.1.jar
706633e82000-706633e86000 ---p 00000000 00:00 0 
706633e86000-706633ea4000 rw-p 00000000 00:00 0 
706633ea4000-706635b5f000 rw-p 00000000 00:00 0 
706635b5f000-706638000000 ---p 00000000 00:00 0 
70663801b000-70663841f000 rw-p 00000000 00:00 0 
70663841f000-706638420000 ---p 00000000 00:00 0 
706638420000-706638520000 rw-p 00000000 00:00 0 
706638520000-706638521000 ---p 00000000 00:00 0 
706638521000-706638621000 rw-p 00000000 00:00 0 
706638621000-706638622000 ---p 00000000 00:00 0 
706638622000-706638722000 rw-p 00000000 00:00 0 
706638722000-7066387f2000 rw-p 00000000 00:00 0 
7066387f2000-706638813000 rw-p 00000000 00:00 0 
706638813000-70663881d000 ---p 00000000 00:00 0 
70663881d000-706638821000 rw-p 00000000 00:00 0 
706638821000-706638822000 ---p 00000000 00:00 0 
706638822000-7066388f2000 rw-p 00000000 00:00 0 
7066388f2000-706638913000 rw-p 00000000 00:00 0 
706638913000-70663891d000 ---p 00000000 00:00 0 
70663891d000-706638921000 rw-p 00000000 00:00 0 
706638921000-706638922000 ---p 00000000 00:00 0 
706638922000-706639150000 rw-p 00000000 00:00 0 
706639150000-706639215000 ---p 00000000 00:00 0 
706639215000-706639262000 rw-p 00000000 00:00 0 
706639262000-706639300000 ---p 00000000 00:00 0 
706639300000-706639304000 ---p 00000000 00:00 0 
706639304000-706639400000 rw-p 00000000 00:00 0 
706639400000-70663949d000 r--p 00000000 103:06 25961929                  /usr/lib/x86_64-linux-gnu/libstdc++.so.6.0.33
70663949d000-7066395e5000 r-xp 0009d000 103:06 25961929                  /usr/lib/x86_64-linux-gnu/libstdc++.so.6.0.33
7066395e5000-70663966c000 r--p 001e5000 103:06 25961929                  /usr/lib/x86_64-linux-gnu/libstdc++.so.6.0.33
70663966c000-706639677000 r--p 0026b000 103:06 25961929                  /usr/lib/x86_64-linux-gnu/libstdc++.so.6.0.33
706639677000-70663967a000 rw-p 00276000 103:06 25961929                  /usr/lib/x86_64-linux-gnu/libstdc++.so.6.0.33
70663967a000-70663967e000 rw-p 00000000 00:00 0 
70663968a000-70663968b000 r--p 00000000 103:06 25964107                  /usr/lib/x86_64-linux-gnu/libnss_mdns4_minimal.so.2
70663968b000-70663968d000 r-xp 00001000 103:06 25964107                  /usr/lib/x86_64-linux-gnu/libnss_mdns4_minimal.so.2
70663968d000-70663968e000 r--p 00003000 103:06 25964107                  /usr/lib/x86_64-linux-gnu/libnss_mdns4_minimal.so.2
70663968e000-70663968f000 r--p 00003000 103:06 25964107                  /usr/lib/x86_64-linux-gnu/libnss_mdns4_minimal.so.2
70663968f000-706639690000 rw-p 00004000 103:06 25964107                  /usr/lib/x86_64-linux-gnu/libnss_mdns4_minimal.so.2
706639690000-706639697000 r--s 00000000 103:06 25993737                  /usr/lib/x86_64-linux-gnu/gconv/gconv-modules.cache
706639697000-706639698000 r--p 00000000 103:06 25993750                  /usr/lib/x86_64-linux-gnu/libdl.so.2
706639698000-706639699000 r-xp 00001000 103:06 25993750                  /usr/lib/x86_64-linux-gnu/libdl.so.2
706639699000-70663969a000 r--p 00002000 103:06 25993750                  /usr/lib/x86_64-linux-gnu/libdl.so.2
70663969a000-70663969b000 r--p 00002000 103:06 25993750                  /usr/lib/x86_64-linux-gnu/libdl.so.2
70663969b000-70663969c000 rw-p 00003000 103:06 25993750                  /usr/lib/x86_64-linux-gnu/libdl.so.2
70663969c000-70663969d000 r--p 00000000 103:06 25993760                  /usr/lib/x86_64-linux-gnu/libpthread.so.0
70663969d000-70663969e000 r-xp 00001000 103:06 25993760                  /usr/lib/x86_64-linux-gnu/libpthread.so.0
70663969e000-70663969f000 r--p 00002000 103:06 25993760                  /usr/lib/x86_64-linux-gnu/libpthread.so.0
70663969f000-7066396a0000 r--p 00002000 103:06 25993760                  /usr/lib/x86_64-linux-gnu/libpthread.so.0
7066396a0000-7066396a1000 rw-p 00003000 103:06 25993760                  /usr/lib/x86_64-linux-gnu/libpthread.so.0
7066396a4000-7066396a5000 r--p 00000000 103:06 26378384                  /usr/lib/jvm/java-21-openjdk-amd64/lib/libextnet.so
7066396a5000-7066396a6000 r-xp 00001000 103:06 26378384                  /usr/lib/jvm/java-21-openjdk-amd64/lib/libextnet.so
7066396a6000-7066396a7000 r--p 00002000 103:06 26378384                  /usr/lib/jvm/java-21-openjdk-amd64/lib/libextnet.so
7066396a7000-7066396a8000 r--p 00002000 103:06 26378384                  /usr/lib/jvm/java-21-openjdk-amd64/lib/libextnet.so
7066396a8000-7066396a9000 rw-p 00003000 103:06 26378384                  /usr/lib/jvm/java-21-openjdk-amd64/lib/libextnet.so
7066396a9000-7066396ab000 r--p 00000000 103:06 26378412                  /usr/lib/jvm/java-21-openjdk-amd64/lib/libmanagement_ext.so
7066396ab000-7066396ae000 r-xp 00002000 103:06 26378412                  /usr/lib/jvm/java-21-openjdk-amd64/lib/libmanagement_ext.so
7066396ae000-7066396af000 r--p 00005000 103:06 26378412                  /usr/lib/jvm/java-21-openjdk-amd64/lib/libmanagement_ext.so
7066396af000-7066396b0000 r--p 00006000 103:06 26378412                  /usr/lib/jvm/java-21-openjdk-amd64/lib/libmanagement_ext.so
7066396b0000-7066396b1000 rw-p 00007000 103:06 26378412                  /usr/lib/jvm/java-21-openjdk-amd64/lib/libmanagement_ext.so
7066396b1000-7066396b3000 r--p 00000000 103:06 26378410                  /usr/lib/jvm/java-21-openjdk-amd64/lib/libmanagement.so
7066396b3000-7066396b4000 r-xp 00002000 103:06 26378410                  /usr/lib/jvm/java-21-openjdk-amd64/lib/libmanagement.so
7066396b4000-7066396b5000 r--p 00003000 103:06 26378410                  /usr/lib/jvm/java-21-openjdk-amd64/lib/libmanagement.so
7066396b5000-7066396b6000 r--p 00003000 103:06 26378410                  /usr/lib/jvm/java-21-openjdk-amd64/lib/libmanagement.so
7066396b6000-7066396b7000 rw-p 00004000 103:06 26378410                  /usr/lib/jvm/java-21-openjdk-amd64/lib/libmanagement.so
7066396b7000-7066396bb000 r--p 00000000 103:06 26378421                  /usr/lib/jvm/java-21-openjdk-amd64/lib/libverify.so
7066396bb000-7066396c2000 r-xp 00004000 103:06 26378421                  /usr/lib/jvm/java-21-openjdk-amd64/lib/libverify.so
7066396c2000-7066396c4000 r--p 0000b000 103:06 26378421                  /usr/lib/jvm/java-21-openjdk-amd64/lib/libverify.so
7066396c4000-7066396c6000 r--p 0000c000 103:06 26378421                  /usr/lib/jvm/java-21-openjdk-amd64/lib/libverify.so
7066396c6000-7066396c7000 rw-p 0000e000 103:06 26378421                  /usr/lib/jvm/java-21-openjdk-amd64/lib/libverify.so
7066396c7000-7066396ca000 r--p 00000000 103:06 26378414                  /usr/lib/jvm/java-21-openjdk-amd64/lib/libnet.so
7066396ca000-7066396d2000 r-xp 00003000 103:06 26378414                  /usr/lib/jvm/java-21-openjdk-amd64/lib/libnet.so
7066396d2000-7066396d4000 r--p 0000b000 103:06 26378414                  /usr/lib/jvm/java-21-openjdk-amd64/lib/libnet.so
7066396d4000-7066396d5000 r--p 0000c000 103:06 26378414                  /usr/lib/jvm/java-21-openjdk-amd64/lib/libnet.so
7066396d5000-7066396d6000 rw-p 0000d000 103:06 26378414                  /usr/lib/jvm/java-21-openjdk-amd64/lib/libnet.so
7066396e8000-7066396f4000 r--s 00000000 103:06 2384690                   /home/vanille/.gradle/caches/modules-2/files-2.1/org.jetbrains.kotlin/kotlin-util-io/1.9.24/f402c94b93eab99bb1af746126cf979c748064cf/kotlin-util-io-1.9.24.jar
7066396f4000-706639707000 r--s 00000000 103:06 2384716                   /home/vanille/.gradle/caches/modules-2/files-2.1/org.jetbrains.kotlin/kotlin-tooling-core/1.9.24/bdc01105250e7ecc8bbcf49a21805685cd557dda/kotlin-tooling-core-1.9.24.jar
706639707000-706639717000 r--s 00000000 103:06 2384684                   /home/vanille/.gradle/caches/modules-2/files-2.1/org.jetbrains.kotlin/kotlin-project-model/1.9.24/3f4faa3597b080350b68256e256f499d5fb9ba37/kotlin-project-model-1.9.24.jar
706639717000-706639727000 r--p 00000000 103:06 25993751                  /usr/lib/x86_64-linux-gnu/libm.so.6
706639727000-7066397a6000 r-xp 00010000 103:06 25993751                  /usr/lib/x86_64-linux-gnu/libm.so.6
7066397a6000-7066397fe000 r--p 0008f000 103:06 25993751                  /usr/lib/x86_64-linux-gnu/libm.so.6
7066397fe000-7066397ff000 r--p 000e7000 103:06 25993751                  /usr/lib/x86_64-linux-gnu/libm.so.6
7066397ff000-706639800000 rw-p 000e8000 103:06 25993751                  /usr/lib/x86_64-linux-gnu/libm.so.6
706639800000-706639aa2000 r--p 00000000 103:06 26378427                  /usr/lib/jvm/java-21-openjdk-amd64/lib/server/libjvm.so
706639aa2000-70663a919000 r-xp 002a2000 103:06 26378427                  /usr/lib/jvm/java-21-openjdk-amd64/lib/server/libjvm.so
70663a919000-70663abf4000 r--p 01119000 103:06 26378427                  /usr/lib/jvm/java-21-openjdk-amd64/lib/server/libjvm.so
70663abf4000-70663acc8000 r--p 013f3000 103:06 26378427                  /usr/lib/jvm/java-21-openjdk-amd64/lib/server/libjvm.so
70663acc8000-70663acf8000 rw-p 014c7000 103:06 26378427                  /usr/lib/jvm/java-21-openjdk-amd64/lib/server/libjvm.so
70663acf8000-70663ad5e000 rw-p 00000000 00:00 0 
70663ad5f000-70663ad66000 r--p 00000000 103:06 26378415                  /usr/lib/jvm/java-21-openjdk-amd64/lib/libnio.so
70663ad66000-70663ad6f000 r-xp 00007000 103:06 26378415                  /usr/lib/jvm/java-21-openjdk-amd64/lib/libnio.so
70663ad6f000-70663ad73000 r--p 00010000 103:06 26378415                  /usr/lib/jvm/java-21-openjdk-amd64/lib/libnio.so
70663ad73000-70663ad74000 r--p 00014000 103:06 26378415                  /usr/lib/jvm/java-21-openjdk-amd64/lib/libnio.so
70663ad74000-70663ad75000 rw-p 00015000 103:06 26378415                  /usr/lib/jvm/java-21-openjdk-amd64/lib/libnio.so
70663ad75000-70663ad77000 r--p 00000000 103:06 26378422                  /usr/lib/jvm/java-21-openjdk-amd64/lib/libzip.so
70663ad77000-70663ad7c000 r-xp 00002000 103:06 26378422                  /usr/lib/jvm/java-21-openjdk-amd64/lib/libzip.so
70663ad7c000-70663ad7e000 r--p 00007000 103:06 26378422                  /usr/lib/jvm/java-21-openjdk-amd64/lib/libzip.so
70663ad7e000-70663ad7f000 r--p 00008000 103:06 26378422                  /usr/lib/jvm/java-21-openjdk-amd64/lib/libzip.so
70663ad7f000-70663ad80000 rw-p 00009000 103:06 26378422                  /usr/lib/jvm/java-21-openjdk-amd64/lib/libzip.so
70663ad80000-70663ada9000 rw-p 00000000 00:00 0 
70663ada9000-70663adae000 ---p 00000000 00:00 0 
70663adae000-70663adbb000 r--p 00000000 103:06 26378398                  /usr/lib/jvm/java-21-openjdk-amd64/lib/libjava.so
70663adbb000-70663adca000 r-xp 0000d000 103:06 26378398                  /usr/lib/jvm/java-21-openjdk-amd64/lib/libjava.so
70663adca000-70663adcf000 r--p 0001c000 103:06 26378398                  /usr/lib/jvm/java-21-openjdk-amd64/lib/libjava.so
70663adcf000-70663add0000 r--p 00021000 103:06 26378398                  /usr/lib/jvm/java-21-openjdk-amd64/lib/libjava.so
70663add0000-70663add1000 rw-p 00022000 103:06 26378398                  /usr/lib/jvm/java-21-openjdk-amd64/lib/libjava.so
70663add1000-70663add2000 rw-p 00000000 00:00 0 
70663add2000-70663add6000 r--p 00000000 103:06 25963758                  /usr/lib/x86_64-linux-gnu/libgcc_s.so.1
70663add6000-70663adfa000 r-xp 00004000 103:06 25963758                  /usr/lib/x86_64-linux-gnu/libgcc_s.so.1
70663adfa000-70663adfe000 r--p 00028000 103:06 25963758                  /usr/lib/x86_64-linux-gnu/libgcc_s.so.1
70663adfe000-70663adff000 r--p 0002b000 103:06 25963758                  /usr/lib/x86_64-linux-gnu/libgcc_s.so.1
70663adff000-70663ae00000 rw-p 0002c000 103:06 25963758                  /usr/lib/x86_64-linux-gnu/libgcc_s.so.1
70663ae00000-70663ae28000 r--p 00000000 103:06 25993748                  /usr/lib/x86_64-linux-gnu/libc.so.6
70663ae28000-70663afb0000 r-xp 00028000 103:06 25993748                  /usr/lib/x86_64-linux-gnu/libc.so.6
70663afb0000-70663afff000 r--p 001b0000 103:06 25993748                  /usr/lib/x86_64-linux-gnu/libc.so.6
70663afff000-70663b003000 r--p 001fe000 103:06 25993748                  /usr/lib/x86_64-linux-gnu/libc.so.6
70663b003000-70663b005000 rw-p 00202000 103:06 25993748                  /usr/lib/x86_64-linux-gnu/libc.so.6
70663b005000-70663b012000 rw-p 00000000 00:00 0 
70663b014000-70663b016000 r--p 00000000 103:06 26378388                  /usr/lib/jvm/java-21-openjdk-amd64/lib/libinstrument.so
70663b016000-70663b01c000 r-xp 00002000 103:06 26378388                  /usr/lib/jvm/java-21-openjdk-amd64/lib/libinstrument.so
70663b01c000-70663b01f000 r--p 00008000 103:06 26378388                  /usr/lib/jvm/java-21-openjdk-amd64/lib/libinstrument.so
70663b01f000-70663b020000 r--p 0000a000 103:06 26378388                  /usr/lib/jvm/java-21-openjdk-amd64/lib/libinstrument.so
70663b020000-70663b021000 rw-p 0000b000 103:06 26378388                  /usr/lib/jvm/java-21-openjdk-amd64/lib/libinstrument.so
70663b021000-70663b023000 rw-p 00000000 00:00 0 
70663b023000-70663b025000 r--p 00000000 103:06 26378404                  /usr/lib/jvm/java-21-openjdk-amd64/lib/libjli.so
70663b025000-70663b02f000 r-xp 00002000 103:06 26378404                  /usr/lib/jvm/java-21-openjdk-amd64/lib/libjli.so
70663b02f000-70663b032000 r--p 0000c000 103:06 26378404                  /usr/lib/jvm/java-21-openjdk-amd64/lib/libjli.so
70663b032000-70663b033000 r--p 0000f000 103:06 26378404                  /usr/lib/jvm/java-21-openjdk-amd64/lib/libjli.so
70663b033000-70663b034000 rw-p 00010000 103:06 26378404                  /usr/lib/jvm/java-21-openjdk-amd64/lib/libjli.so
70663b034000-70663b036000 r--p 00000000 103:06 25964388                  /usr/lib/x86_64-linux-gnu/libz.so.1.3
70663b036000-70663b048000 r-xp 00002000 103:06 25964388                  /usr/lib/x86_64-linux-gnu/libz.so.1.3
70663b048000-70663b04e000 r--p 00014000 103:06 25964388                  /usr/lib/x86_64-linux-gnu/libz.so.1.3
70663b04e000-70663b04f000 r--p 0001a000 103:06 25964388                  /usr/lib/x86_64-linux-gnu/libz.so.1.3
70663b04f000-70663b050000 rw-p 0001b000 103:06 25964388                  /usr/lib/x86_64-linux-gnu/libz.so.1.3
70663b051000-70663b053000 r--s 00000000 103:06 2384686                   /home/vanille/.gradle/caches/modules-2/files-2.1/org.jetbrains.kotlin/kotlin-gradle-plugin-annotations/1.9.24/cdee65760ea002d55b21e0be9965eea982278312/kotlin-gradle-plugin-annotations-1.9.24.jar
70663b053000-70663b05b000 rw-s 00000000 103:06 19137503                  /tmp/hsperfdata_vanille/21523
70663b05b000-70663b05c000 ---p 00000000 00:00 0 
70663b05c000-70663b05d000 r--p 00000000 00:00 0 
70663b05d000-70663b05e000 ---p 00000000 00:00 0 
70663b05e000-70663b060000 r--p 00000000 103:06 26378403                  /usr/lib/jvm/java-21-openjdk-amd64/lib/libjimage.so
70663b060000-70663b063000 r-xp 00002000 103:06 26378403                  /usr/lib/jvm/java-21-openjdk-amd64/lib/libjimage.so
70663b063000-70663b064000 r--p 00005000 103:06 26378403                  /usr/lib/jvm/java-21-openjdk-amd64/lib/libjimage.so
70663b064000-70663b065000 r--p 00006000 103:06 26378403                  /usr/lib/jvm/java-21-openjdk-amd64/lib/libjimage.so
70663b065000-70663b066000 rw-p 00007000 103:06 26378403                  /usr/lib/jvm/java-21-openjdk-amd64/lib/libjimage.so
70663b066000-70663b068000 rw-p 00000000 00:00 0 
70663b068000-70663b06c000 r--p 00000000 00:00 0                          [vvar]
70663b06c000-70663b06e000 r--p 00000000 00:00 0                          [vvar_vclock]
70663b06e000-70663b070000 r-xp 00000000 00:00 0                          [vdso]
70663b070000-70663b071000 r--p 00000000 103:06 25993745                  /usr/lib/x86_64-linux-gnu/ld-linux-x86-64.so.2
70663b071000-70663b09c000 r-xp 00001000 103:06 25993745                  /usr/lib/x86_64-linux-gnu/ld-linux-x86-64.so.2
70663b09c000-70663b0a6000 r--p 0002c000 103:06 25993745                  /usr/lib/x86_64-linux-gnu/ld-linux-x86-64.so.2
70663b0a6000-70663b0a8000 r--p 00036000 103:06 25993745                  /usr/lib/x86_64-linux-gnu/ld-linux-x86-64.so.2
70663b0a8000-70663b0aa000 rw-p 00038000 103:06 25993745                  /usr/lib/x86_64-linux-gnu/ld-linux-x86-64.so.2
7ffc35f93000-7ffc35fb5000 rw-p 00000000 00:00 0                          [stack]
ffffffffff600000-ffffffffff601000 --xp 00000000 00:00 0                  [vsyscall]
Total number of mappings: 541

JVMTI agents:
/opt/gradle/gradle-9.5.1/lib/agents/gradle-instrumentation-agent-9.5.1.jar path:none, loaded, initialized, instrumentlib options:none


VM Arguments:
jvm_args: --add-opens=java.base/java.lang=ALL-UNNAMED --add-opens=java.base/java.lang.invoke=ALL-UNNAMED --add-opens=java.base/java.util=ALL-UNNAMED --add-opens=java.prefs/java.util.prefs=ALL-UNNAMED --add-exports=jdk.compiler/com.sun.tools.javac.api=ALL-UNNAMED --add-exports=jdk.compiler/com.sun.tools.javac.util=ALL-UNNAMED --add-opens=java.base/java.nio.charset=ALL-UNNAMED --add-opens=java.base/java.net=ALL-UNNAMED --add-opens=java.base/java.util.concurrent=ALL-UNNAMED --add-opens=java.base/java.util.concurrent.atomic=ALL-UNNAMED --add-opens=java.xml/javax.xml.namespace=ALL-UNNAMED --add-opens=java.base/java.time=ALL-UNNAMED -XX:MaxMetaspaceSize=384m -XX:+HeapDumpOnOutOfMemoryError -Xms256m -Xmx512m -Dfile.encoding=UTF-8 -Duser.country=US -Duser.language=en -Duser.variant -javaagent:/opt/gradle/gradle-9.5.1/lib/agents/gradle-instrumentation-agent-9.5.1.jar 
java_command: org.gradle.launcher.daemon.bootstrap.GradleDaemon 9.5.1
java_class_path (initial): /opt/gradle/gradle-9.5.1/lib/gradle-daemon-main-9.5.1.jar
Launcher Type: SUN_STANDARD

[Global flags]
     intx CICompilerCount                          = 4                                         {product} {ergonomic}
   size_t CompressedClassSpaceSize                 = 335544320                                 {product} {ergonomic}
     uint ConcGCThreads                            = 2                                         {product} {ergonomic}
     uint G1ConcRefinementThreads                  = 8                                         {product} {ergonomic}
   size_t G1HeapRegionSize                         = 1048576                                   {product} {ergonomic}
    uintx GCDrainStackTargetSize                   = 64                                        {product} {ergonomic}
     bool HeapDumpOnOutOfMemoryError               = true                                   {manageable} {command line}
   size_t InitialHeapSize                          = 268435456                                 {product} {command line}
   size_t MarkStackSize                            = 4194304                                   {product} {ergonomic}
   size_t MaxHeapSize                              = 536870912                                 {product} {command line}
   size_t MaxMetaspaceSize                         = 402653184                                 {product} {command line}
   size_t MaxNewSize                               = 321912832                                 {product} {ergonomic}
   size_t MinHeapDeltaBytes                        = 1048576                                   {product} {ergonomic}
   size_t MinHeapSize                              = 268435456                                 {product} {command line}
    uintx NonNMethodCodeHeapSize                   = 5839372                                {pd product} {ergonomic}
    uintx NonProfiledCodeHeapSize                  = 122909434                              {pd product} {ergonomic}
    uintx ProfiledCodeHeapSize                     = 122909434                              {pd product} {ergonomic}
    uintx ReservedCodeCacheSize                    = 251658240                              {pd product} {ergonomic}
     bool SegmentedCodeCache                       = true                                      {product} {ergonomic}
   size_t SoftMaxHeapSize                          = 536870912                              {manageable} {ergonomic}
     bool UseCompressedOops                        = true                           {product lp64_product} {ergonomic}
     bool UseG1GC                                  = true                                      {product} {ergonomic}

Logging:
Log output configuration:
 #0: stdout all=warning uptime,level,tags foldmultilines=false
 #1: stderr all=off uptime,level,tags foldmultilines=false

Release file:
IMPLEMENTOR="Ubuntu"
JAVA_RUNTIME_VERSION="21.0.11+10-1-24.04.2-Ubuntu"
JAVA_VERSION="21.0.11"
JAVA_VERSION_DATE="2026-04-21"
LIBC="gnu"
MODULES="java.base java.compiler java.datatransfer java.xml java.prefs java.desktop java.instrument java.logging java.management java.security.sasl java.naming java.rmi java.management.rmi java.net.http java.scripting java.security.jgss java.transaction.xa java.sql java.sql.rowset java.xml.crypto java.se java.smartcardio jdk.accessibility jdk.internal.jvmstat jdk.attach jdk.charsets jdk.internal.opt jdk.zipfs jdk.compiler jdk.crypto.ec jdk.crypto.cryptoki jdk.dynalink jdk.internal.ed jdk.editpad jdk.hotspot.agent jdk.httpserver jdk.incubator.vector jdk.internal.le jdk.internal.vm.ci jdk.internal.vm.compiler jdk.internal.vm.compiler.management jdk.jartool jdk.javadoc jdk.jcmd jdk.management jdk.management.agent jdk.jconsole jdk.jdeps jdk.jdwp.agent jdk.jdi jdk.jfr jdk.jlink jdk.jpackage jdk.jshell jdk.jsobject jdk.jstatd jdk.localedata jdk.management.jfr jdk.naming.dns jdk.naming.rmi jdk.net jdk.nio.mapmode jdk.random jdk.sctp jdk.security.auth jdk.security.jgss jdk.unsupported jdk.unsupported.desktop jdk.xml.dom"
OS_ARCH="x86_64"
OS_NAME="Linux"
SOURCE=""

Environment Variables:
PATH=/opt/gradle/gradle-9.5.1/bin:/home/vanille/.nvm/versions/node/v22.22.3/bin:/usr/local/sbin:/usr/local/bin:/usr/sbin:/usr/bin:/sbin:/bin:/usr/games:/usr/local/games:/snap/bin:/snap/bin
USERNAME=vanille
SHELL=/bin/bash
DISPLAY=:0
WAYLAND_DISPLAY=wayland-0
LANG=en_US.UTF-8
TERM=

Active Locale:
LC_ALL=en_US.UTF-8
LC_COLLATE=en_US.UTF-8
LC_CTYPE=en_US.UTF-8
LC_MESSAGES=en_US.UTF-8
LC_MONETARY=en_US.UTF-8
LC_NUMERIC=en_US.UTF-8
LC_TIME=en_US.UTF-8

Signal Handlers:
   SIGSEGV: crash_handler in libjvm.so, mask=11100100010111111101111111111110, flags=SA_RESTART|SA_SIGINFO, unblocked
    SIGBUS: crash_handler in libjvm.so, mask=11100100010111111101111111111110, flags=SA_RESTART|SA_SIGINFO, unblocked
    SIGFPE: crash_handler in libjvm.so, mask=11100100010111111101111111111110, flags=SA_RESTART|SA_SIGINFO, unblocked
   SIGPIPE: javaSignalHandler in libjvm.so, mask=11100100010111111101111111111110, flags=SA_RESTART|SA_SIGINFO, blocked
   SIGXFSZ: javaSignalHandler in libjvm.so, mask=11100100010111111101111111111110, flags=SA_RESTART|SA_SIGINFO, blocked
    SIGILL: crash_handler in libjvm.so, mask=11100100010111111101111111111110, flags=SA_RESTART|SA_SIGINFO, unblocked
   SIGUSR2: SR_handler in libjvm.so, mask=00000000000000000000000000000000, flags=SA_RESTART|SA_SIGINFO, blocked
    SIGHUP: UserHandler in libjvm.so, mask=11100100010111111101111111111110, flags=SA_RESTART|SA_SIGINFO, blocked
    SIGINT: UserHandler in libjvm.so, mask=11100100010111111101111111111110, flags=SA_RESTART|SA_SIGINFO, blocked
   SIGTERM: UserHandler in libjvm.so, mask=11100100010111111101111111111110, flags=SA_RESTART|SA_SIGINFO, blocked
   SIGQUIT: UserHandler in libjvm.so, mask=11100100010111111101111111111110, flags=SA_RESTART|SA_SIGINFO, blocked
   SIGTRAP: crash_handler in libjvm.so, mask=11100100010111111101111111111110, flags=SA_RESTART|SA_SIGINFO, unblocked


Periodic native trim disabled

---------------  S Y S T E M  ---------------

OS:
DISTRIB_ID=Ubuntu
DISTRIB_RELEASE=24.04
DISTRIB_CODENAME=noble
DISTRIB_DESCRIPTION="Ubuntu 24.04.4 LTS"
uname: Linux 7.0.0-28-generic #28~24.04.1-Ubuntu SMP PREEMPT_DYNAMIC Wed Jul  1 15:50:57 UTC 2 x86_64
OS uptime: 0 days 3:34 hours
libc: glibc 2.39 NPTL 2.39 
rlimit (soft/hard): STACK 8192k/infinity , CORE 0k/infinity , NPROC 53795/53795 , NOFILE 1048576/1048576 , AS infinity/infinity , CPU infinity/infinity , DATA infinity/infinity , FSIZE infinity/infinity , MEMLOCK 2011660k/2011660k
load average: 4.54 2.88 2.28

/proc/meminfo:
MemTotal:       16093292 kB
MemFree:          240152 kB
MemAvailable:    5345156 kB
Buffers:          315460 kB
Cached:          5181752 kB
SwapCached:        88240 kB
Active:          7946844 kB
Inactive:        5791160 kB
Active(anon):    6441980 kB
Inactive(anon):  2749132 kB
Active(file):    1504864 kB
Inactive(file):  3042028 kB
Unevictable:      382848 kB
Mlocked:              64 kB
SwapTotal:       4194300 kB
SwapFree:        1591912 kB
Zswap:                 0 kB
Zswapped:              0 kB
Dirty:             93680 kB
Writeback:             0 kB
AnonPages:       8543044 kB
Mapped:          1046840 kB
Shmem:            950224 kB
KReclaimable:     900948 kB
Slab:            1264360 kB
SReclaimable:     900948 kB
SUnreclaim:       363412 kB
KernelStack:       31680 kB
PageTables:       122288 kB
SecPageTables:      3084 kB
NFS_Unstable:          0 kB
Bounce:                0 kB
WritebackTmp:          0 kB
CommitLimit:    12240944 kB
Committed_AS:   43955108 kB
VmallocTotal:   34359738367 kB
VmallocUsed:      163076 kB
VmallocChunk:          0 kB
Percpu:             8160 kB
HardwareCorrupted:     0 kB
AnonHugePages:         0 kB
ShmemHugePages:   122880 kB
ShmemPmdMapped:        0 kB
FileHugePages:      8192 kB
FilePmdMapped:         0 kB
CmaTotal:              0 kB
CmaFree:           72316 kB
Unaccepted:            0 kB
Balloon:               0 kB
HugePages_Total:       0
HugePages_Free:        0
HugePages_Rsvd:        0
HugePages_Surp:        0
Hugepagesize:       2048 kB
Hugetlb:               0 kB
DirectMap4k:      617648 kB
DirectMap2M:    14831616 kB
DirectMap1G:     2097152 kB

/sys/kernel/mm/transparent_hugepage/enabled: always [madvise] never
/sys/kernel/mm/transparent_hugepage/hpage_pmd_size: 2097152
/sys/kernel/mm/transparent_hugepage/defrag (defrag/compaction efforts parameter): always defer defer+madvise [madvise] never

Process Memory:
Virtual Size: 6177852K (peak: 6181360K)
Resident Set Size: 1021748K (peak: 1021748K) (anon: 971516K, file: 50232K, shmem: 0K)
Swapped out: 161244K
C-Heap outstanding allocations: 153190K, retained: 290409K
glibc malloc tunables: (default)

/proc/sys/kernel/threads-max (system-wide limit on the number of threads): 107591
/proc/sys/vm/max_map_count (maximum number of memory map areas a process may have): 1048576
/proc/sys/vm/swappiness (control to define how aggressively the kernel swaps out anonymous memory): 60
/proc/sys/kernel/pid_max (system-wide limit on number of process identifiers): 4194304

container information not found.
Steal ticks since vm start: 0
Steal ticks percentage since vm start:  0.000

CPU: total 8 (initial active 8) (4 cores per cpu, 2 threads per core) family 6 model 140 stepping 1 microcode 0xbe, cx8, cmov, fxsr, ht, mmx, 3dnowpref, sse, sse2, sse3, ssse3, sse4.1, sse4.2, popcnt, lzcnt, tsc, tscinvbit, avx, avx2, aes, erms, clmul, bmi1, bmi2, adx, avx512f, avx512dq, avx512cd, avx512bw, avx512vl, sha, fma, vzeroupper, avx512_vpopcntdq, avx512_vpclmulqdq, avx512_vaes, avx512_vnni, clflush, clflushopt, clwb, avx512_vbmi2, avx512_vbmi, rdtscp, rdpid, fsrm, gfni, avx512_bitalg, f16c, pku, ospke, cet_ibt, cet_ss, avx512_ifma
CPU Model and flags from /proc/cpuinfo:
model name	: 11th Gen Intel(R) Core(TM) i7-1165G7 @ 2.80GHz
flags		: fpu vme de pse tsc msr pae mce cx8 apic sep mtrr pge mca cmov pat pse36 clflush dts acpi mmx fxsr sse sse2 ss ht tm pbe syscall nx pdpe1gb rdtscp lm constant_tsc art arch_perfmon pebs bts rep_good nopl xtopology nonstop_tsc cpuid aperfmperf tsc_known_freq pni pclmulqdq dtes64 monitor ds_cpl vmx est tm2 ssse3 sdbg fma cx16 xtpr pdcm pcid sse4_1 sse4_2 x2apic movbe popcnt tsc_deadline_timer aes xsave avx f16c rdrand lahf_lm abm 3dnowprefetch cpuid_fault epb cat_l2 cdp_l2 ssbd ibrs ibpb stibp ibrs_enhanced tpr_shadow flexpriority ept vpid ept_ad fsgsbase tsc_adjust bmi1 avx2 smep bmi2 erms invpcid rdt_a avx512f avx512dq rdseed adx smap avx512ifma clflushopt clwb intel_pt avx512cd sha_ni avx512bw avx512vl xsaveopt xsavec xgetbv1 xsaves split_lock_detect user_shstk dtherm ida arat pln pts hwp hwp_notify hwp_act_window hwp_epp hwp_pkg_req vnmi avx512vbmi umip pku ospke avx512_vbmi2 gfni vaes vpclmulqdq avx512_vnni avx512_bitalg avx512_vpopcntdq rdpid movdiri movdir64b fsrm avx512_vp2intersect md_clear ibt flush_l1d arch_capabilities

Online cpus: 0-7
Offline cpus: 
BIOS frequency limitation: <Not Available>
Frequency switch latency (ns): 0
Available cpu frequencies: <Not Available>
Current governor: powersave
Core performance/turbo boost: <Not Available>

Memory: 4k page, physical 16093292k(5345068k free), swap 4194300k(1592076k free)
Page Sizes: 4k

vm_info: OpenJDK 64-Bit Server VM (21.0.11+10-1-24.04.2-Ubuntu) for linux-amd64 JRE (21.0.11+10-1-24.04.2-Ubuntu), built on 2026-04-26T09:33:23Z by "buildd" with gcc 13.3.0

END.
