#
# A fatal error has been detected by the Java Runtime Environment:
#
#  SIGSEGV (0xb) at pc=0x00007f83563a13da, pid=35190, tid=35291
#
# JRE version: OpenJDK Runtime Environment (21.0.11+10) (build 21.0.11+10-1-24.04.2-Ubuntu)
# Java VM: OpenJDK 64-Bit Server VM (21.0.11+10-1-24.04.2-Ubuntu, mixed mode, sharing, tiered, compressed oops, compressed class ptrs, g1 gc, linux-amd64)
# Problematic frame:
# V  [libjvm.so+0x7a13da]  void OopOopIterateDispatch<G1CMOopClosure>::Table::oop_oop_iterate<InstanceKlass, narrowOop>(G1CMOopClosure*, oopDesc*, Klass*)+0x10a
#
# Core dump will be written. Default location: Core dumps may be processed with "/usr/share/apport/apport -p%p -s%s -c%c -d%d -P%P -u%u -g%g -F%F -- %E" (or dumping to /home/vanille/Documents/stage/Genesis/core.35190)
#
# If you would like to submit a bug report, please visit:
#   https://bugs.launchpad.net/ubuntu/+source/openjdk-21
#

---------------  S U M M A R Y ------------

Command Line: --add-opens=java.base/java.lang=ALL-UNNAMED --add-opens=java.base/java.lang.invoke=ALL-UNNAMED --add-opens=java.base/java.util=ALL-UNNAMED --add-opens=java.prefs/java.util.prefs=ALL-UNNAMED --add-exports=jdk.compiler/com.sun.tools.javac.api=ALL-UNNAMED --add-exports=jdk.compiler/com.sun.tools.javac.util=ALL-UNNAMED --add-opens=java.base/java.nio.charset=ALL-UNNAMED --add-opens=java.base/java.net=ALL-UNNAMED --add-opens=java.base/java.util.concurrent=ALL-UNNAMED --add-opens=java.base/java.util.concurrent.atomic=ALL-UNNAMED --add-opens=java.xml/javax.xml.namespace=ALL-UNNAMED --add-opens=java.base/java.time=ALL-UNNAMED -XX:MaxMetaspaceSize=384m -XX:+HeapDumpOnOutOfMemoryError -Xms256m -Xmx512m -Dfile.encoding=UTF-8 -Duser.country=US -Duser.language=en -Duser.variant -javaagent:/home/vanille/.gradle/wrapper/dists/gradle-9.5.1-bin/iq79hdu3mqx29lgffhp8bfmx/gradle-9.5.1/lib/agents/gradle-instrumentation-agent-9.5.1.jar org.gradle.launcher.daemon.bootstrap.GradleDaemon 9.5.1

Host: 11th Gen Intel(R) Core(TM) i7-1165G7 @ 2.80GHz, 8 cores, 15G, Ubuntu 24.04.4 LTS
Time: Fri Jul 17 18:46:08 2026 EAT elapsed time: 12.913358 seconds (0d 0h 0m 12s)

---------------  T H R E A D  ---------------

Current thread (0x00007f832c000d80):  WorkerThread "G1 Conc#1"      [id=35291, stack(0x00007f83022fe000,0x00007f83023fe000) (1024K)]

Stack: [0x00007f83022fe000,0x00007f83023fe000],  sp=0x00007f83023fcbd0,  free space=1018k
Native frames: (J=compiled Java code, j=interpreted, Vv=VM code, C=native code)
V  [libjvm.so+0x7a13da]  void OopOopIterateDispatch<G1CMOopClosure>::Table::oop_oop_iterate<InstanceKlass, narrowOop>(G1CMOopClosure*, oopDesc*, Klass*)+0x10a
V  [libjvm.so+0x7dc796]  void G1CMTask::process_grey_task_entry<true>(G1TaskQueueEntry)+0xd6
V  [libjvm.so+0x7d7384]  G1CMTask::drain_local_queue(bool) [clone .part.0] [clone .constprop.0]+0x54
V  [libjvm.so+0x7d9181]  G1CMTask::do_marking_step(double, bool, bool)+0x7c1
V  [libjvm.so+0x7ddcb4]  G1CMConcurrentMarkingTask::work(unsigned int)+0xc4
V  [libjvm.so+0x104b060]  WorkerThread::run()+0x80
V  [libjvm.so+0xf90cb7]  Thread::call_run()+0xa7
V  [libjvm.so+0xd06fd5]  thread_native_entry(Thread*)+0xd5
C  [libc.so.6+0x9caa4]

siginfo: si_signo: 11 (SIGSEGV), si_code: 1 (SEGV_MAPERR), si_addr: 0x00007f8b5003a868

Registers:
RAX=0x00000000fffff81d, RBX=0x0000000000000001, RCX=0x00007f835003e780, RDX=0x00000000e1dba018
RSP=0x00007f83023fcbd0, RBP=0x00007f83023fcc30, RSI=0x00007f835002f850, RDI=0x00007f8350164ac0
R8 =0x00007f835004a140, R9 =0x00007f835710f694, R10=0x00007f83023fcd00, R11=0x0000000000000001
R12=0x00000000e1dba014, R13=0x0000000061dba018, R14=0x00007f8350055130, R15=0x00000000e1dba018
RIP=0x00007f83563a13da, EFLAGS=0x0000000000010a07, CSGSFS=0x002b000000000033, ERR=0x0000000000000004
  TRAPNO=0x000000000000000e

XMM[0]=0x0000000000000000 0x401a48b439581060
XMM[1]=0x0000000000000000 0x0000000000000000
XMM[2]=0x4035dba34fe36697 0x401971efd022f952
XMM[3]=0x0000000000000000 0x4022a923f99c1a49
XMM[4]=0x0000000000000000 0x3fe0000000000000
XMM[5]=0x4087c51b402d16bb 0x4054616872b020c4
XMM[6]=0x00007f835763dc17 0x00007f83023fce60
XMM[7]=0x0000000000000000 0x00007f8350055130
XMM[8]=0xcafebabecafebabe 0xcafebabecafebabe
XMM[9]=0x2e2e5e5b415c494d 0x015d48015d575d01
XMM[10]=0x2e2e2e2e2e2e2e0b 0x2e2e2e2e2e2e2e2e
XMM[11]=0x0000000000000000 0x00007f8356dc2e40
XMM[12]=0x0000000000000000 0x0000000000000000
XMM[13]=0x0000000000000000 0x0000000000000000
XMM[14]=0x0000000000000000 0x0000000000000000
XMM[15]=0x0000000000000000 0x0000000000000000
  MXCSR=0x00001fa2


Register to memory mapping:

RAX=0x00000000fffff81d is pointing into object: [Lsun.reflect.generics.tree.TypeArgument; 
{0x00000000fffff818} - klass: 'sun/reflect/generics/tree/TypeArgument'[]
 - length: 0
RBX=0x0000000000000001 is an unknown value
RCX=0x00007f835003e780 points into unknown readable memory: 0x00007f8350008750 | 50 87 00 50 83 7f 00 00
RDX=0x00000000e1dba018 is an oop: [B 
{0x00000000e1dba018} - klass: {type array byte}
 - length: 66
RSP=0x00007f83023fcbd0 points into unknown readable memory: 0x0000000000000000 | 00 00 00 00 00 00 00 00
RBP=0x00007f83023fcc30 points into unknown readable memory: 0x00007f83023fcc70 | 70 cc 3f 02 83 7f 00 00
RSI=0x00007f835002f850 points into unknown readable memory: 0x00007f83570bb0d0 | d0 b0 0b 57 83 7f 00 00
RDI=0x00007f8350164ac0 points into unknown readable memory: 0x0000000000000000 | 00 00 00 00 00 00 00 00
R8 =0x00007f835004a140 points into unknown readable memory: 0x00007f835004ec40 | 40 ec 04 50 83 7f 00 00
R9 =0x00007f835710f694: <offset 0x000000000150f694> in /usr/lib/jvm/java-21-openjdk-amd64/lib/server/libjvm.so at 0x00007f8355c00000
R10=0x00007f83023fcd00 points into unknown readable memory: 0x00007f8357001a58 | 58 1a 00 57 83 7f 00 00
R11=0x0000000000000001 is an unknown value
R12=0x00000000e1dba014 is pointing into object: java.lang.String 
{0x00000000e1dba000} - klass: 'java/lang/String'

[error occurred during error reporting (printing register info), id 0xb, SIGSEGV (0xb) at pc=0x00007f83564eedb2]
R13=0x0000000061dba018 is an unknown value
R14=0x00007f8350055130 points into unknown readable memory: 0x00007f8357001d48 | 48 1d 00 57 83 7f 00 00
R15=0x00000000e1dba018 is an oop: [B 
{0x00000000e1dba018} - klass: {type array byte}
 - length: 66

Top of Stack: (sp=0x00007f83023fcbd0)
0x00007f83023fcbd0:   0000000000000000 0000000000000000   ................
0x00007f83023fcbe0:   000000000000000c 00007f830700eb18   ................
0x00007f83023fcbf0:   00000000e1dba000 00007f830700eb10   ................
0x00007f83023fcc00:   000000000000000b 00007f8350055130   ........0Q.P....
0x00007f83023fcc10:   00000000e1dba000 0000000000000003   ................
0x00007f83023fcc20:   00007f83023fcd00 00007f830700e878   ..?.....x.......
0x00007f83023fcc30:   00007f83023fcc70 00007f83563dc796   p.?.......=V....
0x00007f83023fcc40:   00007f8350055130 00007f8350055130   0Q.P....0Q.P....
0x00007f83023fcc50:   00007f83023fcc88 0000000000000000   ..?.............
0x00007f83023fcc60:   0000000000520000 8000000000000000   ..R.............
0x00007f83023fcc70:   00007f83023fcca0 00007f83563d7384   ..?......s=V....
0x00007f83023fcc80:   0000000000000001 00000000e1dba000   ................
0x00007f83023fcc90:   0000000000000001 00007f8350055130   ........0Q.P....
0x00007f83023fcca0:   00007f83023fcd60 00007f83563d9181   `.?.......=V....
0x00007f83023fccb0:   00007f8300000000 01007f8300000001   ................
0x00007f83023fccc0:   00007f8350055268 00007f8300000000   hR.P............
0x00007f83023fccd0:   00007f8350055130 00007f8350055130   0Q.P....0Q.P....
0x00007f83023fcce0:   0000000000000000 0000000000000bf8   ................
0x00007f83023fccf0:   00007f835004a140 00007f8350055130   @..P....0Q.P....
0x00007f83023fcd00:   00007f8357001a58 00007f835017acf0   X..W.......P....
0x00007f83023fcd10:   00007f8300000003 00007f835002f850   ........P..P....
0x00007f83023fcd20:   00007f8350055130 00007f835712c5d8   0Q.P.......W....
0x00007f83023fcd30:   00007f83542fdb70 00007f8350055130   p./T....0Q.P....
0x00007f83023fcd40:   00007f83542fdb70 00007f8357136ea8   p./T.....n.W....
0x00007f83023fcd50:   00007f832c001130 00007f83570cdf38   0..,....8..W....
0x00007f83023fcd60:   00007f83023fcde0 00007f83563ddcb4   ..?.......=V....
0x00007f83023fcd70:   00007f82e86f6270 00007f82e86f6280   pbo......bo.....
0x00007f83023fcd80:   00000000000003d8 00007f82e86f6658   ........Xfo.....
0x00007f83023fcd90:   000000015004a140 00007f82e86f6280   @..P.....bo.....
0x00007f83023fcda0:   00007f82e86f6270 3fb6c00da1a93294   pbo......2.....?
0x00007f83023fcdb0:   00007f83023fcdfc 00007f835004fac8   ..?........P....
0x00007f83023fcdc0:   00007f83023fcdfc 00007f832c000d80   ..?........,....

Instructions: (pc=0x00007f83563a13da)
0x00007f83563a12da:   48 89 e5 41 57 41 56 41 55 41 54 53 48 89 d3 48
0x00007f83563a12ea:   83 ec 38 8b 57 10 48 8b bb 98 00 00 00 48 89 75
0x00007f83563a12fa:   c0 4c 89 c6 4c 89 45 c8 e8 49 c5 e7 ff 48 63 93
0x00007f83563a130a:   24 01 00 00 48 63 83 ac 00 00 00 48 01 d0 4c 8d
0x00007f83563a131a:   b4 c3 d0 01 00 00 8b 83 20 01 00 00 49 8d 14 c6
0x00007f83563a132a:   49 39 d6 0f 83 32 01 00 00 48 89 55 b8 4c 8b 65
0x00007f83563a133a:   c8 bb 01 00 00 00 4d 89 f7 0f 1f 44 00 00 48 8b
0x00007f83563a134a:   45 c0 4d 63 37 49 01 c6 41 8b 47 04 49 8d 14 86
0x00007f83563a135a:   49 39 d6 0f 83 f1 00 00 00 4c 89 7d c8 4d 89 e2
0x00007f83563a136a:   49 89 d7 4d 89 f4 4d 8b 72 20 49 83 86 b8 00 00
0x00007f83563a137a:   00 01 45 8b 2c 24 45 85 ed 0f 84 b7 00 00 00 48
0x00007f83563a138a:   8d 05 20 bb d2 00 8b 48 08 49 d3 e5 4c 03 28 0f
0x00007f83563a139a:   84 a1 00 00 00 4d 8b 46 20 4c 8d 0d ea e2 d6 00
0x00007f83563a13aa:   45 8b 5e 10 49 8b 70 08 8b 8e 18 02 00 00 48 8b
0x00007f83563a13ba:   86 10 02 00 00 48 d3 e0 48 89 c1 4c 89 e8 48 29
0x00007f83563a13ca:   c8 41 8b 09 48 d3 e8 48 8b 8e f8 01 00 00 89 c0
0x00007f83563a13da:   48 8b 04 c1 48 8b 40 60 49 39 c5 73 59 4c 89 e9
0x00007f83563a13ea:   49 2b 48 18 48 89 df 48 89 c8 41 8b 48 28 48 c1
0x00007f83563a13fa:   e8 03 48 d3 e8 48 89 c1 48 89 c6 49 8b 40 30 48
0x00007f83563a140a:   c1 ee 06 48 d3 e7 48 8d 14 f0 48 8b 32 eb 17 0f
0x00007f83563a141a:   1f 80 00 00 00 00 48 89 f0 f0 48 0f b1 0a 48 39
0x00007f83563a142a:   c6 74 4b 48 89 c6 48 89 f9 48 09 f1 48 39 ce 75
0x00007f83563a143a:   e5 0f 1f 44 00 00 49 83 c4 04 4d 39 fc 0f 82 23
0x00007f83563a144a:   ff ff ff 4c 8b 7d c8 4d 89 d4 48 8b 45 b8 49 83
0x00007f83563a145a:   c7 08 49 39 c7 0f 82 e3 fe ff ff 48 83 c4 38 5b
0x00007f83563a146a:   41 5c 41 5d 41 5e 41 5f 5d c3 0f 1f 40 00 48 8d
0x00007f83563a147a:   15 89 d2 d2 00 80 3a 00 0f 84 30 02 00 00 48 8d
0x00007f83563a148a:   05 11 ba d2 00 41 8b 7d 08 8b 48 08 48 d3 e7 48
0x00007f83563a149a:   03 38 8b 4f 08 85 c9 0f 8e 7b 02 00 00 f6 c1 01
0x00007f83563a14aa:   74 1a 48 8b 07 48 8d 35 6a 53 b4 ff 48 8b 80 00
0x00007f83563a14ba:   01 00 00 48 39 f0 0f 85 a0 02 00 00 89 ce c1 fe
0x00007f83563a14ca:   03 48 63 f6 49 8b 80 b8 02 00 00 4d 89 e8 4a 8b


Stack slot to memory mapping:

stack at sp + 0 slots: 0x0 is null
stack at sp + 1 slots: 0x0 is null
stack at sp + 2 slots: 0x000000000000000c is an unknown value
stack at sp + 3 slots: {method} {0x00007f830700eb18} 'equals' '(Ljava/lang/Object;)Z' in 'java/lang/String'
stack at sp + 4 slots: 0x00000000e1dba000 is an oop: java.lang.String 
{0x00000000e1dba000} - klass: 'java/lang/String'

[error occurred during error reporting (inspecting top of stack), id 0xb, SIGSEGV (0xb) at pc=0x00007f83564eedb2]
stack at sp + 5 slots: 0x00007f830700eb10 is pointing into metadata
stack at sp + 6 slots: 0x000000000000000b is an unknown value
stack at sp + 7 slots: 0x00007f8350055130 points into unknown readable memory: 0x00007f8357001d48 | 48 1d 00 57 83 7f 00 00


---------------  P R O C E S S  ---------------

Threads class SMR info:
_java_thread_list=0x00007f82a4bd05e0, length=40, elements={
0x00007f835001c530, 0x00007f83501864c0, 0x00007f8350187a40, 0x00007f83501891f0,
0x00007f835018a840, 0x00007f835018bdf0, 0x00007f835018d940, 0x00007f835018f010,
0x00007f83501dcf60, 0x00007f8350239fe0, 0x00007f8351a7f0a0, 0x00007f8351b15800,
0x00007f8351b23920, 0x00007f82c0015ae0, 0x00007f82b80042a0, 0x00007f82b80078a0,
0x00007f82b800afe0, 0x00007f82a4005ab0, 0x00007f82a400ccc0, 0x00007f82a401a310,
0x00007f82a4214640, 0x00007f82a421e300, 0x00007f82a425b220, 0x00007f82dc603590,
0x00007f82a4cf6e40, 0x00007f82a4d1ec10, 0x00007f82a5249260, 0x00007f82a5284760,
0x00007f82a53cb620, 0x00007f82a53cc300, 0x00007f82a53cd7b0, 0x00007f82a55fe730,
0x00007f82a565dce0, 0x00007f82a4c92850, 0x00007f82a43cb3f0, 0x00007f82a4993b00,
0x00007f82a48cd010, 0x00007f82a4bd46f0, 0x00007f82a567dd80, 0x00007f82a567cd20
}

Java Threads: ( => current thread )
  0x00007f835001c530 JavaThread "main"                              [_thread_blocked, id=35193, stack(0x00007f8355b00000,0x00007f8355c00000) (1024K)]
  0x00007f83501864c0 JavaThread "Reference Handler"          daemon [_thread_blocked, id=35201, stack(0x00007f8329500000,0x00007f8329600000) (1024K)]
  0x00007f8350187a40 JavaThread "Finalizer"                  daemon [_thread_blocked, id=35202, stack(0x00007f8329400000,0x00007f8329500000) (1024K)]
  0x00007f83501891f0 JavaThread "Signal Dispatcher"          daemon [_thread_blocked, id=35203, stack(0x00007f8329300000,0x00007f8329400000) (1024K)]
  0x00007f835018a840 JavaThread "Service Thread"             daemon [_thread_blocked, id=35204, stack(0x00007f8329200000,0x00007f8329300000) (1024K)]
  0x00007f835018bdf0 JavaThread "Monitor Deflation Thread"   daemon [_thread_blocked, id=35205, stack(0x00007f8329100000,0x00007f8329200000) (1024K)]
  0x00007f835018d940 JavaThread "C2 CompilerThread0"         daemon [_thread_in_native, id=35206, stack(0x00007f8329000000,0x00007f8329100000) (1024K)]
  0x00007f835018f010 JavaThread "C1 CompilerThread0"         daemon [_thread_blocked, id=35207, stack(0x00007f8328f00000,0x00007f8329000000) (1024K)]
  0x00007f83501dcf60 JavaThread "Common-Cleaner"             daemon [_thread_blocked, id=35208, stack(0x00007f8328e00000,0x00007f8328f00000) (1024K)]
  0x00007f8350239fe0 JavaThread "Notification Thread"        daemon [_thread_blocked, id=35209, stack(0x00007f8328d00000,0x00007f8328e00000) (1024K)]
  0x00007f8351a7f0a0 JavaThread "Daemon health stats"               [_thread_blocked, id=35224, stack(0x00007f83283fb000,0x00007f83284fb000) (1024K)]
  0x00007f8351b15800 JavaThread "Incoming local TCP Connector on port 33737"        [_thread_in_native, id=35225, stack(0x00007f83282fb000,0x00007f83283fb000) (1024K)]
  0x00007f8351b23920 JavaThread "Daemon periodic checks"            [_thread_blocked, id=35226, stack(0x00007f83281fb000,0x00007f83282fb000) (1024K)]
  0x00007f82c0015ae0 JavaThread "Daemon"                            [_thread_blocked, id=35227, stack(0x00007f83280fb000,0x00007f83281fb000) (1024K)]
  0x00007f82b80042a0 JavaThread "Handler for socket connection from /127.0.0.1:33737 to /127.0.0.1:36872"        [_thread_in_native, id=35228, stack(0x00007f8302f00000,0x00007f8303000000) (1024K)]
  0x00007f82b80078a0 JavaThread "Cancel handler"                    [_thread_blocked, id=35229, stack(0x00007f8302e00000,0x00007f8302f00000) (1024K)]
  0x00007f82b800afe0 JavaThread "Daemon worker"                     [_thread_in_Java, id=35230, stack(0x00007f8302d00000,0x00007f8302e00000) (1024K)]
  0x00007f82a4005ab0 JavaThread "Asynchronous log dispatcher for DefaultDaemonConnection: socket connection from /127.0.0.1:33737 to /127.0.0.1:36872"        [_thread_blocked, id=35231, stack(0x00007f8302c00000,0x00007f8302d00000) (1024K)]
  0x00007f82a400ccc0 JavaThread "Stdin handler"                     [_thread_blocked, id=35232, stack(0x00007f8302b00000,0x00007f8302c00000) (1024K)]
  0x00007f82a401a310 JavaThread "Daemon client event forwarder"        [_thread_blocked, id=35233, stack(0x00007f8302a00000,0x00007f8302b00000) (1024K)]
  0x00007f82a4214640 JavaThread "Cache worker for journal cache (/home/vanille/.gradle/caches/journal-1)"        [_thread_blocked, id=35273, stack(0x00007f8302900000,0x00007f8302a00000) (1024K)]
  0x00007f82a421e300 JavaThread "File lock request listener"        [_thread_in_native, id=35274, stack(0x00007f8302800000,0x00007f8302900000) (1024K)]
  0x00007f82a425b220 JavaThread "Cache worker for file hash cache (/home/vanille/.gradle/caches/9.5.1/fileHashes)"        [_thread_blocked, id=35276, stack(0x00007f8302700000,0x00007f8302800000) (1024K)]
  0x00007f82dc603590 JavaThread "C2 CompilerThread1"         daemon [_thread_in_native, id=35288, stack(0x00007f8302600000,0x00007f8302700000) (1024K)]
  0x00007f82a4cf6e40 JavaThread "Cache worker for file hash cache (/home/vanille/Documents/stage/Genesis/.gradle/9.5.1/fileHashes)"        [_thread_blocked, id=35292, stack(0x00007f83021fd000,0x00007f83022fd000) (1024K)]
  0x00007f82a4d1ec10 JavaThread "Cache worker for Build Output Cleanup Cache (/home/vanille/Documents/stage/Genesis/.gradle/buildOutputCleanup)"        [_thread_blocked, id=35293, stack(0x00007f83020fd000,0x00007f83021fd000) (1024K)]
  0x00007f82a5249260 JavaThread "File watcher server"        daemon [_thread_in_native, id=35294, stack(0x00007f8301d95000,0x00007f8301e95000) (1024K)]
  0x00007f82a5284760 JavaThread "File watcher consumer"      daemon [_thread_blocked, id=35295, stack(0x00007f8301c95000,0x00007f8301d95000) (1024K)]
  0x00007f82a53cb620 JavaThread "jar transforms"                    [_thread_blocked, id=35296, stack(0x00007f8301ffd000,0x00007f83020fd000) (1024K)]
  0x00007f82a53cc300 JavaThread "jar transforms Thread 2"           [_thread_blocked, id=35297, stack(0x00007f8301efd000,0x00007f8301ffd000) (1024K)]
  0x00007f82a53cd7b0 JavaThread "jar transforms Thread 3"           [_thread_blocked, id=35298, stack(0x00007f8301b95000,0x00007f8301c95000) (1024K)]
  0x00007f82a55fe730 JavaThread "Cache worker for file content cache (/home/vanille/.gradle/caches/9.5.1/fileContent)"        [_thread_blocked, id=35299, stack(0x00007f8301a95000,0x00007f8301b95000) (1024K)]
  0x00007f82a565dce0 JavaThread "Cache worker for checksums cache (/home/vanille/Documents/stage/Genesis/.gradle/9.5.1/checksums)"        [_thread_blocked, id=35300, stack(0x00007f8301995000,0x00007f8301a95000) (1024K)]
  0x00007f82a4c92850 JavaThread "Cache worker for cache directory md-supplier (/home/vanille/.gradle/caches/9.5.1/md-supplier)"        [_thread_blocked, id=35311, stack(0x00007f8301895000,0x00007f8301995000) (1024K)]
  0x00007f82a43cb3f0 JavaThread "Cache worker for cache directory md-rule (/home/vanille/.gradle/caches/9.5.1/md-rule)"        [_thread_blocked, id=35312, stack(0x00007f8301795000,0x00007f8301895000) (1024K)]
  0x00007f82a4993b00 JavaThread "jar transforms Thread 4"           [_thread_blocked, id=35313, stack(0x00007f8301695000,0x00007f8301795000) (1024K)]
  0x00007f82a48cd010 JavaThread "jar transforms Thread 5"           [_thread_blocked, id=35343, stack(0x00007f8301595000,0x00007f8301695000) (1024K)]
  0x00007f82a4bd46f0 JavaThread "jar transforms Thread 6"           [_thread_blocked, id=35346, stack(0x00007f8301495000,0x00007f8301595000) (1024K)]
  0x00007f82a567dd80 JavaThread "jar transforms Thread 7"           [_thread_blocked, id=35355, stack(0x00007f8301395000,0x00007f8301495000) (1024K)]
  0x00007f82a567cd20 JavaThread "jar transforms Thread 8"           [_thread_blocked, id=35356, stack(0x00007f8301295000,0x00007f8301395000) (1024K)]
Total: 40

Other Threads:
  0x00007f835017d2f0 VMThread "VM Thread"                           [id=35200, stack(0x00007f8329bfd000,0x00007f8329cfd000) (1024K)]
  0x00007f835016b790 WatcherThread "VM Periodic Task Thread"        [id=35199, stack(0x00007f8329cfe000,0x00007f8329dfe000) (1024K)]
  0x00007f83500496e0 WorkerThread "GC Thread#0"                     [id=35194, stack(0x00007f8354300000,0x00007f8354400000) (1024K)]
  0x00007f82fc0079f0 WorkerThread "GC Thread#1"                     [id=35210, stack(0x00007f8328900000,0x00007f8328a00000) (1024K)]
  0x00007f82fc008480 WorkerThread "GC Thread#2"                     [id=35211, stack(0x00007f83287ff000,0x00007f83288ff000) (1024K)]
  0x00007f82fc008f90 WorkerThread "GC Thread#3"                     [id=35212, stack(0x00007f83286fe000,0x00007f83287fe000) (1024K)]
  0x00007f82fc009aa0 WorkerThread "GC Thread#4"                     [id=35213, stack(0x00007f83285fd000,0x00007f83286fd000) (1024K)]
  0x00007f82fc00a5b0 WorkerThread "GC Thread#5"                     [id=35214, stack(0x00007f83284fc000,0x00007f83285fc000) (1024K)]
  0x00007f82fc00ca50 WorkerThread "GC Thread#6"                     [id=35289, stack(0x00007f8302500000,0x00007f8302600000) (1024K)]
  0x00007f82fc00c210 WorkerThread "GC Thread#7"                     [id=35290, stack(0x00007f83023ff000,0x00007f83024ff000) (1024K)]
  0x00007f835004ec40 ConcurrentGCThread "G1 Main Marker"            [id=35195, stack(0x00007f83541ff000,0x00007f83542ff000) (1024K)]
  0x00007f835004fb20 WorkerThread "G1 Conc#0"                       [id=35196, stack(0x00007f83540fe000,0x00007f83541fe000) (1024K)]
=>0x00007f832c000d80 WorkerThread "G1 Conc#1"                       [id=35291, stack(0x00007f83022fe000,0x00007f83023fe000) (1024K)]
  0x00007f8350159ed0 ConcurrentGCThread "G1 Refine#0"               [id=35197, stack(0x00007f8329f00000,0x00007f832a000000) (1024K)]
  0x00007f835015add0 ConcurrentGCThread "G1 Service"                [id=35198, stack(0x00007f8329dff000,0x00007f8329eff000) (1024K)]
Total: 15

Threads with active compile tasks:
C2 CompilerThread0  12935 7755       4       jdk.internal.org.objectweb.asm.MethodWriter::<init> (232 bytes)
C2 CompilerThread1  12935 7738       4       java.security.SecureClassLoader::defineClass (16 bytes)
Total: 2

VM state: not at safepoint (normal execution)

VM Mutex/Monitor currently owned by a thread: None

Heap address: 0x00000000e0000000, size: 512 MB, Compressed Oops mode: 32-bit

CDS archive(s) mapped at: [0x00007f8307000000-0x00007f8307c9c000-0x00007f8307c9c000), size 13221888, SharedBaseAddress: 0x00007f8307000000, ArchiveRelocationMode: 1.
Compressed class space mapped at: 0x00007f8308000000-0x00007f831c000000, reserved size: 335544320
Narrow klass base: 0x00007f8307000000, Narrow klass shift: 0, Narrow klass range: 0x100000000

GC Precious Log:
 CardTable entry size: 512
 Card Set container configuration: InlinePtr #cards 5 size 8 Array Of Cards #cards 12 size 40 Howl #buckets 4 coarsen threshold 1843 Howl Bitmap #cards 512 size 80 coarsen threshold 460 Card regions per heap region 1 cards per card region 2048
 CPUs: 8 total, 8 available
 Memory: 15719M
 Large Page Support: Disabled
 NUMA Support: Disabled
 Compressed Oops: Enabled (32-bit)
 Heap Region Size: 1M
 Heap Min Capacity: 256M
 Heap Initial Capacity: 256M
 Heap Max Capacity: 512M
 Pre-touch: Disabled
 Parallel Workers: 8
 Concurrent Workers: 2
 Concurrent Refinement Workers: 8
 Periodic GC: Disabled

Heap:
 garbage-first heap   total 262144K, used 68325K [0x00000000e0000000, 0x0000000100000000)
  region size 1024K, 20 young (20480K), 15 survivors (15360K)
 Metaspace       used 59693K, committed 61824K, reserved 393216K
  class space    used 8592K, committed 9600K, reserved 327680K

Heap Regions: E=young(eden), S=young(survivor), O=old, HS=humongous(starts), HC=humongous(continues), CS=collection set, F=free, TAMS=top-at-mark-start, PB=parsable bottom
|   0|0x00000000e0000000, 0x00000000e0100000, 0x00000000e0100000|100%|HS|  |TAMS 0x00000000e0100000| PB 0x00000000e0000000| Complete 
|   1|0x00000000e0100000, 0x00000000e0200000, 0x00000000e0200000|100%|HC|  |TAMS 0x00000000e0200000| PB 0x00000000e0100000| Complete 
|   2|0x00000000e0200000, 0x00000000e0300000, 0x00000000e0300000|100%|HC|  |TAMS 0x00000000e0300000| PB 0x00000000e0200000| Complete 
|   3|0x00000000e0300000, 0x00000000e0400000, 0x00000000e0400000|100%|HC|  |TAMS 0x00000000e0400000| PB 0x00000000e0300000| Complete 
|   4|0x00000000e0400000, 0x00000000e0500000, 0x00000000e0500000|100%| O|  |TAMS 0x00000000e0500000| PB 0x00000000e0400000| Untracked 
|   5|0x00000000e0500000, 0x00000000e0600000, 0x00000000e0600000|100%| O|  |TAMS 0x00000000e0600000| PB 0x00000000e0500000| Untracked 
|   6|0x00000000e0600000, 0x00000000e0700000, 0x00000000e0700000|100%| O|  |TAMS 0x00000000e0700000| PB 0x00000000e0600000| Untracked 
|   7|0x00000000e0700000, 0x00000000e0800000, 0x00000000e0800000|100%| O|  |TAMS 0x00000000e0800000| PB 0x00000000e0700000| Untracked 
|   8|0x00000000e0800000, 0x00000000e0900000, 0x00000000e0900000|100%| O|  |TAMS 0x00000000e0900000| PB 0x00000000e0800000| Untracked 
|   9|0x00000000e0900000, 0x00000000e0a00000, 0x00000000e0a00000|100%|HS|  |TAMS 0x00000000e0a00000| PB 0x00000000e0900000| Complete 
|  10|0x00000000e0a00000, 0x00000000e0b00000, 0x00000000e0b00000|100%| O|  |TAMS 0x00000000e0b00000| PB 0x00000000e0a00000| Untracked 
|  11|0x00000000e0b00000, 0x00000000e0c00000, 0x00000000e0c00000|100%| O|  |TAMS 0x00000000e0c00000| PB 0x00000000e0b00000| Untracked 
|  12|0x00000000e0c00000, 0x00000000e0d00000, 0x00000000e0d00000|100%| O|  |TAMS 0x00000000e0d00000| PB 0x00000000e0c00000| Untracked 
|  13|0x00000000e0d00000, 0x00000000e0e00000, 0x00000000e0e00000|100%|HS|  |TAMS 0x00000000e0e00000| PB 0x00000000e0d00000| Complete 
|  14|0x00000000e0e00000, 0x00000000e0f00000, 0x00000000e0f00000|100%| O|  |TAMS 0x00000000e0f00000| PB 0x00000000e0e00000| Untracked 
|  15|0x00000000e0f00000, 0x00000000e1000000, 0x00000000e1000000|100%| O|  |TAMS 0x00000000e1000000| PB 0x00000000e0f00000| Untracked 
|  16|0x00000000e1000000, 0x00000000e1100000, 0x00000000e1100000|100%| O|  |TAMS 0x00000000e1100000| PB 0x00000000e1000000| Untracked 
|  17|0x00000000e1100000, 0x00000000e1200000, 0x00000000e1200000|100%| O|  |TAMS 0x00000000e1200000| PB 0x00000000e1100000| Untracked 
|  18|0x00000000e1200000, 0x00000000e1300000, 0x00000000e1300000|100%| O|  |TAMS 0x00000000e1300000| PB 0x00000000e1200000| Untracked 
|  19|0x00000000e1300000, 0x00000000e1400000, 0x00000000e1400000|100%| O|  |TAMS 0x00000000e1400000| PB 0x00000000e1300000| Untracked 
|  20|0x00000000e1400000, 0x00000000e1500000, 0x00000000e1500000|100%| O|  |TAMS 0x00000000e1500000| PB 0x00000000e1400000| Untracked 
|  21|0x00000000e1500000, 0x00000000e1600000, 0x00000000e1600000|100%| O|  |TAMS 0x00000000e1600000| PB 0x00000000e1500000| Untracked 
|  22|0x00000000e1600000, 0x00000000e1700000, 0x00000000e1700000|100%| O|  |TAMS 0x00000000e1700000| PB 0x00000000e1600000| Untracked 
|  23|0x00000000e1700000, 0x00000000e1800000, 0x00000000e1800000|100%| O|  |TAMS 0x00000000e1800000| PB 0x00000000e1700000| Untracked 
|  24|0x00000000e1800000, 0x00000000e1900000, 0x00000000e1900000|100%| O|  |TAMS 0x00000000e1900000| PB 0x00000000e1800000| Untracked 
|  25|0x00000000e1900000, 0x00000000e1a00000, 0x00000000e1a00000|100%| O|  |TAMS 0x00000000e1a00000| PB 0x00000000e1900000| Untracked 
|  26|0x00000000e1a00000, 0x00000000e1b00000, 0x00000000e1b00000|100%| O|  |TAMS 0x00000000e1b00000| PB 0x00000000e1a00000| Untracked 
|  27|0x00000000e1b00000, 0x00000000e1c00000, 0x00000000e1c00000|100%| O|  |TAMS 0x00000000e1c00000| PB 0x00000000e1b00000| Untracked 
|  28|0x00000000e1c00000, 0x00000000e1d00000, 0x00000000e1d00000|100%| O|  |TAMS 0x00000000e1d00000| PB 0x00000000e1c00000| Untracked 
|  29|0x00000000e1d00000, 0x00000000e1e00000, 0x00000000e1e00000|100%| O|  |TAMS 0x00000000e1e00000| PB 0x00000000e1d00000| Untracked 
|  30|0x00000000e1e00000, 0x00000000e1f00000, 0x00000000e1f00000|100%| O|  |TAMS 0x00000000e1f00000| PB 0x00000000e1e00000| Untracked 
|  31|0x00000000e1f00000, 0x00000000e2000000, 0x00000000e2000000|100%| O|  |TAMS 0x00000000e2000000| PB 0x00000000e1f00000| Untracked 
|  32|0x00000000e2000000, 0x00000000e2100000, 0x00000000e2100000|100%| O|  |TAMS 0x00000000e2100000| PB 0x00000000e2000000| Untracked 
|  33|0x00000000e2100000, 0x00000000e2200000, 0x00000000e2200000|100%| O|  |TAMS 0x00000000e2200000| PB 0x00000000e2100000| Untracked 
|  34|0x00000000e2200000, 0x00000000e2300000, 0x00000000e2300000|100%| O|  |TAMS 0x00000000e2300000| PB 0x00000000e2200000| Untracked 
|  35|0x00000000e2300000, 0x00000000e2400000, 0x00000000e2400000|100%| O|  |TAMS 0x00000000e2400000| PB 0x00000000e2300000| Untracked 
|  36|0x00000000e2400000, 0x00000000e2500000, 0x00000000e2500000|100%| O|  |TAMS 0x00000000e2500000| PB 0x00000000e2400000| Untracked 
|  37|0x00000000e2500000, 0x00000000e2600000, 0x00000000e2600000|100%| O|  |TAMS 0x00000000e2600000| PB 0x00000000e2500000| Untracked 
|  38|0x00000000e2600000, 0x00000000e2700000, 0x00000000e2700000|100%| O|  |TAMS 0x00000000e2700000| PB 0x00000000e2600000| Untracked 
|  39|0x00000000e2700000, 0x00000000e2800000, 0x00000000e2800000|100%| O|  |TAMS 0x00000000e2800000| PB 0x00000000e2700000| Untracked 
|  40|0x00000000e2800000, 0x00000000e2900000, 0x00000000e2900000|100%| O|  |TAMS 0x00000000e2900000| PB 0x00000000e2800000| Untracked 
|  41|0x00000000e2900000, 0x00000000e2a00000, 0x00000000e2a00000|100%| O|  |TAMS 0x00000000e290d540| PB 0x00000000e2900000| Untracked 
|  42|0x00000000e2a00000, 0x00000000e2b00000, 0x00000000e2b00000|100%| O|  |TAMS 0x00000000e2a00000| PB 0x00000000e2a00000| Untracked 
|  43|0x00000000e2b00000, 0x00000000e2c00000, 0x00000000e2c00000|100%| O|  |TAMS 0x00000000e2b00000| PB 0x00000000e2b00000| Untracked 
|  44|0x00000000e2c00000, 0x00000000e2d00000, 0x00000000e2d00000|100%| O|  |TAMS 0x00000000e2c00000| PB 0x00000000e2c00000| Untracked 
|  45|0x00000000e2d00000, 0x00000000e2e00000, 0x00000000e2e00000|100%| O|  |TAMS 0x00000000e2d00000| PB 0x00000000e2d00000| Untracked 
|  46|0x00000000e2e00000, 0x00000000e2f00000, 0x00000000e2f00000|100%| O|  |TAMS 0x00000000e2e00000| PB 0x00000000e2e00000| Untracked 
|  47|0x00000000e2f00000, 0x00000000e2f39468, 0x00000000e3000000| 22%| O|  |TAMS 0x00000000e2f00000| PB 0x00000000e2f00000| Untracked 
|  48|0x00000000e3000000, 0x00000000e3000000, 0x00000000e3100000|  0%| F|  |TAMS 0x00000000e3000000| PB 0x00000000e3000000| Untracked 
|  49|0x00000000e3100000, 0x00000000e3100000, 0x00000000e3200000|  0%| F|  |TAMS 0x00000000e3100000| PB 0x00000000e3100000| Untracked 
|  50|0x00000000e3200000, 0x00000000e3200000, 0x00000000e3300000|  0%| F|  |TAMS 0x00000000e3200000| PB 0x00000000e3200000| Untracked 
|  51|0x00000000e3300000, 0x00000000e3300000, 0x00000000e3400000|  0%| F|  |TAMS 0x00000000e3300000| PB 0x00000000e3300000| Untracked 
|  52|0x00000000e3400000, 0x00000000e3400000, 0x00000000e3500000|  0%| F|  |TAMS 0x00000000e3400000| PB 0x00000000e3400000| Untracked 
|  53|0x00000000e3500000, 0x00000000e3500000, 0x00000000e3600000|  0%| F|  |TAMS 0x00000000e3500000| PB 0x00000000e3500000| Untracked 
|  54|0x00000000e3600000, 0x00000000e3600000, 0x00000000e3700000|  0%| F|  |TAMS 0x00000000e3600000| PB 0x00000000e3600000| Untracked 
|  55|0x00000000e3700000, 0x00000000e3700000, 0x00000000e3800000|  0%| F|  |TAMS 0x00000000e3700000| PB 0x00000000e3700000| Untracked 
|  56|0x00000000e3800000, 0x00000000e3800000, 0x00000000e3900000|  0%| F|  |TAMS 0x00000000e3800000| PB 0x00000000e3800000| Untracked 
|  57|0x00000000e3900000, 0x00000000e3900000, 0x00000000e3a00000|  0%| F|  |TAMS 0x00000000e3900000| PB 0x00000000e3900000| Untracked 
|  58|0x00000000e3a00000, 0x00000000e3a00000, 0x00000000e3b00000|  0%| F|  |TAMS 0x00000000e3a00000| PB 0x00000000e3a00000| Untracked 
|  59|0x00000000e3b00000, 0x00000000e3b00000, 0x00000000e3c00000|  0%| F|  |TAMS 0x00000000e3b00000| PB 0x00000000e3b00000| Untracked 
|  60|0x00000000e3c00000, 0x00000000e3c00000, 0x00000000e3d00000|  0%| F|  |TAMS 0x00000000e3c00000| PB 0x00000000e3c00000| Untracked 
|  61|0x00000000e3d00000, 0x00000000e3d00000, 0x00000000e3e00000|  0%| F|  |TAMS 0x00000000e3d00000| PB 0x00000000e3d00000| Untracked 
|  62|0x00000000e3e00000, 0x00000000e3e00000, 0x00000000e3f00000|  0%| F|  |TAMS 0x00000000e3e00000| PB 0x00000000e3e00000| Untracked 
|  63|0x00000000e3f00000, 0x00000000e3f00000, 0x00000000e4000000|  0%| F|  |TAMS 0x00000000e3f00000| PB 0x00000000e3f00000| Untracked 
|  64|0x00000000e4000000, 0x00000000e4000000, 0x00000000e4100000|  0%| F|  |TAMS 0x00000000e4000000| PB 0x00000000e4000000| Untracked 
|  65|0x00000000e4100000, 0x00000000e4100000, 0x00000000e4200000|  0%| F|  |TAMS 0x00000000e4100000| PB 0x00000000e4100000| Untracked 
|  66|0x00000000e4200000, 0x00000000e4200000, 0x00000000e4300000|  0%| F|  |TAMS 0x00000000e4200000| PB 0x00000000e4200000| Untracked 
|  67|0x00000000e4300000, 0x00000000e4300000, 0x00000000e4400000|  0%| F|  |TAMS 0x00000000e4300000| PB 0x00000000e4300000| Untracked 
|  68|0x00000000e4400000, 0x00000000e4400000, 0x00000000e4500000|  0%| F|  |TAMS 0x00000000e4400000| PB 0x00000000e4400000| Untracked 
|  69|0x00000000e4500000, 0x00000000e4500000, 0x00000000e4600000|  0%| F|  |TAMS 0x00000000e4500000| PB 0x00000000e4500000| Untracked 
|  70|0x00000000e4600000, 0x00000000e4600000, 0x00000000e4700000|  0%| F|  |TAMS 0x00000000e4600000| PB 0x00000000e4600000| Untracked 
|  71|0x00000000e4700000, 0x00000000e4700000, 0x00000000e4800000|  0%| F|  |TAMS 0x00000000e4700000| PB 0x00000000e4700000| Untracked 
|  72|0x00000000e4800000, 0x00000000e4800000, 0x00000000e4900000|  0%| F|  |TAMS 0x00000000e4800000| PB 0x00000000e4800000| Untracked 
|  73|0x00000000e4900000, 0x00000000e4900000, 0x00000000e4a00000|  0%| F|  |TAMS 0x00000000e4900000| PB 0x00000000e4900000| Untracked 
|  74|0x00000000e4a00000, 0x00000000e4a00000, 0x00000000e4b00000|  0%| F|  |TAMS 0x00000000e4a00000| PB 0x00000000e4a00000| Untracked 
|  75|0x00000000e4b00000, 0x00000000e4b00000, 0x00000000e4c00000|  0%| F|  |TAMS 0x00000000e4b00000| PB 0x00000000e4b00000| Untracked 
|  76|0x00000000e4c00000, 0x00000000e4c00000, 0x00000000e4d00000|  0%| F|  |TAMS 0x00000000e4c00000| PB 0x00000000e4c00000| Untracked 
|  77|0x00000000e4d00000, 0x00000000e4d00000, 0x00000000e4e00000|  0%| F|  |TAMS 0x00000000e4d00000| PB 0x00000000e4d00000| Untracked 
|  78|0x00000000e4e00000, 0x00000000e4e00000, 0x00000000e4f00000|  0%| F|  |TAMS 0x00000000e4e00000| PB 0x00000000e4e00000| Untracked 
|  79|0x00000000e4f00000, 0x00000000e4f00000, 0x00000000e5000000|  0%| F|  |TAMS 0x00000000e4f00000| PB 0x00000000e4f00000| Untracked 
|  80|0x00000000e5000000, 0x00000000e5000000, 0x00000000e5100000|  0%| F|  |TAMS 0x00000000e5000000| PB 0x00000000e5000000| Untracked 
|  81|0x00000000e5100000, 0x00000000e5100000, 0x00000000e5200000|  0%| F|  |TAMS 0x00000000e5100000| PB 0x00000000e5100000| Untracked 
|  82|0x00000000e5200000, 0x00000000e5200000, 0x00000000e5300000|  0%| F|  |TAMS 0x00000000e5200000| PB 0x00000000e5200000| Untracked 
|  83|0x00000000e5300000, 0x00000000e5300000, 0x00000000e5400000|  0%| F|  |TAMS 0x00000000e5300000| PB 0x00000000e5300000| Untracked 
|  84|0x00000000e5400000, 0x00000000e5400000, 0x00000000e5500000|  0%| F|  |TAMS 0x00000000e5400000| PB 0x00000000e5400000| Untracked 
|  85|0x00000000e5500000, 0x00000000e5500000, 0x00000000e5600000|  0%| F|  |TAMS 0x00000000e5500000| PB 0x00000000e5500000| Untracked 
|  86|0x00000000e5600000, 0x00000000e5600000, 0x00000000e5700000|  0%| F|  |TAMS 0x00000000e5600000| PB 0x00000000e5600000| Untracked 
|  87|0x00000000e5700000, 0x00000000e5700000, 0x00000000e5800000|  0%| F|  |TAMS 0x00000000e5700000| PB 0x00000000e5700000| Untracked 
|  88|0x00000000e5800000, 0x00000000e5800000, 0x00000000e5900000|  0%| F|  |TAMS 0x00000000e5800000| PB 0x00000000e5800000| Untracked 
|  89|0x00000000e5900000, 0x00000000e5900000, 0x00000000e5a00000|  0%| F|  |TAMS 0x00000000e5900000| PB 0x00000000e5900000| Untracked 
|  90|0x00000000e5a00000, 0x00000000e5a00000, 0x00000000e5b00000|  0%| F|  |TAMS 0x00000000e5a00000| PB 0x00000000e5a00000| Untracked 
|  91|0x00000000e5b00000, 0x00000000e5b00000, 0x00000000e5c00000|  0%| F|  |TAMS 0x00000000e5b00000| PB 0x00000000e5b00000| Untracked 
|  92|0x00000000e5c00000, 0x00000000e5c00000, 0x00000000e5d00000|  0%| F|  |TAMS 0x00000000e5c00000| PB 0x00000000e5c00000| Untracked 
|  93|0x00000000e5d00000, 0x00000000e5d00000, 0x00000000e5e00000|  0%| F|  |TAMS 0x00000000e5d00000| PB 0x00000000e5d00000| Untracked 
|  94|0x00000000e5e00000, 0x00000000e5e00000, 0x00000000e5f00000|  0%| F|  |TAMS 0x00000000e5e00000| PB 0x00000000e5e00000| Untracked 
|  95|0x00000000e5f00000, 0x00000000e5f00000, 0x00000000e6000000|  0%| F|  |TAMS 0x00000000e5f00000| PB 0x00000000e5f00000| Untracked 
|  96|0x00000000e6000000, 0x00000000e6000000, 0x00000000e6100000|  0%| F|  |TAMS 0x00000000e6000000| PB 0x00000000e6000000| Untracked 
|  97|0x00000000e6100000, 0x00000000e6100000, 0x00000000e6200000|  0%| F|  |TAMS 0x00000000e6100000| PB 0x00000000e6100000| Untracked 
|  98|0x00000000e6200000, 0x00000000e6200000, 0x00000000e6300000|  0%| F|  |TAMS 0x00000000e6200000| PB 0x00000000e6200000| Untracked 
|  99|0x00000000e6300000, 0x00000000e6300000, 0x00000000e6400000|  0%| F|  |TAMS 0x00000000e6300000| PB 0x00000000e6300000| Untracked 
| 100|0x00000000e6400000, 0x00000000e6400000, 0x00000000e6500000|  0%| F|  |TAMS 0x00000000e6400000| PB 0x00000000e6400000| Untracked 
| 101|0x00000000e6500000, 0x00000000e6500000, 0x00000000e6600000|  0%| F|  |TAMS 0x00000000e6500000| PB 0x00000000e6500000| Untracked 
| 102|0x00000000e6600000, 0x00000000e6600000, 0x00000000e6700000|  0%| F|  |TAMS 0x00000000e6600000| PB 0x00000000e6600000| Untracked 
| 103|0x00000000e6700000, 0x00000000e6700000, 0x00000000e6800000|  0%| F|  |TAMS 0x00000000e6700000| PB 0x00000000e6700000| Untracked 
| 104|0x00000000e6800000, 0x00000000e6800000, 0x00000000e6900000|  0%| F|  |TAMS 0x00000000e6800000| PB 0x00000000e6800000| Untracked 
| 105|0x00000000e6900000, 0x00000000e6900000, 0x00000000e6a00000|  0%| F|  |TAMS 0x00000000e6900000| PB 0x00000000e6900000| Untracked 
| 106|0x00000000e6a00000, 0x00000000e6a00000, 0x00000000e6b00000|  0%| F|  |TAMS 0x00000000e6a00000| PB 0x00000000e6a00000| Untracked 
| 107|0x00000000e6b00000, 0x00000000e6b00000, 0x00000000e6c00000|  0%| F|  |TAMS 0x00000000e6b00000| PB 0x00000000e6b00000| Untracked 
| 108|0x00000000e6c00000, 0x00000000e6c00000, 0x00000000e6d00000|  0%| F|  |TAMS 0x00000000e6c00000| PB 0x00000000e6c00000| Untracked 
| 109|0x00000000e6d00000, 0x00000000e6d00000, 0x00000000e6e00000|  0%| F|  |TAMS 0x00000000e6d00000| PB 0x00000000e6d00000| Untracked 
| 110|0x00000000e6e00000, 0x00000000e6e00000, 0x00000000e6f00000|  0%| F|  |TAMS 0x00000000e6e00000| PB 0x00000000e6e00000| Untracked 
| 111|0x00000000e6f00000, 0x00000000e6f00000, 0x00000000e7000000|  0%| F|  |TAMS 0x00000000e6f00000| PB 0x00000000e6f00000| Untracked 
| 112|0x00000000e7000000, 0x00000000e7000000, 0x00000000e7100000|  0%| F|  |TAMS 0x00000000e7000000| PB 0x00000000e7000000| Untracked 
| 113|0x00000000e7100000, 0x00000000e7100000, 0x00000000e7200000|  0%| F|  |TAMS 0x00000000e7100000| PB 0x00000000e7100000| Untracked 
| 114|0x00000000e7200000, 0x00000000e7200000, 0x00000000e7300000|  0%| F|  |TAMS 0x00000000e7200000| PB 0x00000000e7200000| Untracked 
| 115|0x00000000e7300000, 0x00000000e7300000, 0x00000000e7400000|  0%| F|  |TAMS 0x00000000e7300000| PB 0x00000000e7300000| Untracked 
| 116|0x00000000e7400000, 0x00000000e7400000, 0x00000000e7500000|  0%| F|  |TAMS 0x00000000e7400000| PB 0x00000000e7400000| Untracked 
| 117|0x00000000e7500000, 0x00000000e7500000, 0x00000000e7600000|  0%| F|  |TAMS 0x00000000e7500000| PB 0x00000000e7500000| Untracked 
| 118|0x00000000e7600000, 0x00000000e7600000, 0x00000000e7700000|  0%| F|  |TAMS 0x00000000e7600000| PB 0x00000000e7600000| Untracked 
| 119|0x00000000e7700000, 0x00000000e7700000, 0x00000000e7800000|  0%| F|  |TAMS 0x00000000e7700000| PB 0x00000000e7700000| Untracked 
| 120|0x00000000e7800000, 0x00000000e7800000, 0x00000000e7900000|  0%| F|  |TAMS 0x00000000e7800000| PB 0x00000000e7800000| Untracked 
| 121|0x00000000e7900000, 0x00000000e7900000, 0x00000000e7a00000|  0%| F|  |TAMS 0x00000000e7900000| PB 0x00000000e7900000| Untracked 
| 122|0x00000000e7a00000, 0x00000000e7a00000, 0x00000000e7b00000|  0%| F|  |TAMS 0x00000000e7a00000| PB 0x00000000e7a00000| Untracked 
| 123|0x00000000e7b00000, 0x00000000e7b00000, 0x00000000e7c00000|  0%| F|  |TAMS 0x00000000e7b00000| PB 0x00000000e7b00000| Untracked 
| 124|0x00000000e7c00000, 0x00000000e7c00000, 0x00000000e7d00000|  0%| F|  |TAMS 0x00000000e7c00000| PB 0x00000000e7c00000| Untracked 
| 125|0x00000000e7d00000, 0x00000000e7d00000, 0x00000000e7e00000|  0%| F|  |TAMS 0x00000000e7d00000| PB 0x00000000e7d00000| Untracked 
| 126|0x00000000e7e00000, 0x00000000e7e00000, 0x00000000e7f00000|  0%| F|  |TAMS 0x00000000e7e00000| PB 0x00000000e7e00000| Untracked 
| 127|0x00000000e7f00000, 0x00000000e7f00000, 0x00000000e8000000|  0%| F|  |TAMS 0x00000000e7f00000| PB 0x00000000e7f00000| Untracked 
| 128|0x00000000e8000000, 0x00000000e8000000, 0x00000000e8100000|  0%| F|  |TAMS 0x00000000e8000000| PB 0x00000000e8000000| Untracked 
| 129|0x00000000e8100000, 0x00000000e8100000, 0x00000000e8200000|  0%| F|  |TAMS 0x00000000e8100000| PB 0x00000000e8100000| Untracked 
| 130|0x00000000e8200000, 0x00000000e8200000, 0x00000000e8300000|  0%| F|  |TAMS 0x00000000e8200000| PB 0x00000000e8200000| Untracked 
| 131|0x00000000e8300000, 0x00000000e8300000, 0x00000000e8400000|  0%| F|  |TAMS 0x00000000e8300000| PB 0x00000000e8300000| Untracked 
| 132|0x00000000e8400000, 0x00000000e8400000, 0x00000000e8500000|  0%| F|  |TAMS 0x00000000e8400000| PB 0x00000000e8400000| Untracked 
| 133|0x00000000e8500000, 0x00000000e8500000, 0x00000000e8600000|  0%| F|  |TAMS 0x00000000e8500000| PB 0x00000000e8500000| Untracked 
| 134|0x00000000e8600000, 0x00000000e8600000, 0x00000000e8700000|  0%| F|  |TAMS 0x00000000e8600000| PB 0x00000000e8600000| Untracked 
| 135|0x00000000e8700000, 0x00000000e8700000, 0x00000000e8800000|  0%| F|  |TAMS 0x00000000e8700000| PB 0x00000000e8700000| Untracked 
| 136|0x00000000e8800000, 0x00000000e8800000, 0x00000000e8900000|  0%| F|  |TAMS 0x00000000e8800000| PB 0x00000000e8800000| Untracked 
| 137|0x00000000e8900000, 0x00000000e8900000, 0x00000000e8a00000|  0%| F|  |TAMS 0x00000000e8900000| PB 0x00000000e8900000| Untracked 
| 138|0x00000000e8a00000, 0x00000000e8a00000, 0x00000000e8b00000|  0%| F|  |TAMS 0x00000000e8a00000| PB 0x00000000e8a00000| Untracked 
| 139|0x00000000e8b00000, 0x00000000e8b00000, 0x00000000e8c00000|  0%| F|  |TAMS 0x00000000e8b00000| PB 0x00000000e8b00000| Untracked 
| 140|0x00000000e8c00000, 0x00000000e8c00000, 0x00000000e8d00000|  0%| F|  |TAMS 0x00000000e8c00000| PB 0x00000000e8c00000| Untracked 
| 141|0x00000000e8d00000, 0x00000000e8d00000, 0x00000000e8e00000|  0%| F|  |TAMS 0x00000000e8d00000| PB 0x00000000e8d00000| Untracked 
| 142|0x00000000e8e00000, 0x00000000e8e00000, 0x00000000e8f00000|  0%| F|  |TAMS 0x00000000e8e00000| PB 0x00000000e8e00000| Untracked 
| 143|0x00000000e8f00000, 0x00000000e8f00000, 0x00000000e9000000|  0%| F|  |TAMS 0x00000000e8f00000| PB 0x00000000e8f00000| Untracked 
| 144|0x00000000e9000000, 0x00000000e9000000, 0x00000000e9100000|  0%| F|  |TAMS 0x00000000e9000000| PB 0x00000000e9000000| Untracked 
| 145|0x00000000e9100000, 0x00000000e9100000, 0x00000000e9200000|  0%| F|  |TAMS 0x00000000e9100000| PB 0x00000000e9100000| Untracked 
| 146|0x00000000e9200000, 0x00000000e9200000, 0x00000000e9300000|  0%| F|  |TAMS 0x00000000e9200000| PB 0x00000000e9200000| Untracked 
| 147|0x00000000e9300000, 0x00000000e9300000, 0x00000000e9400000|  0%| F|  |TAMS 0x00000000e9300000| PB 0x00000000e9300000| Untracked 
| 148|0x00000000e9400000, 0x00000000e9400000, 0x00000000e9500000|  0%| F|  |TAMS 0x00000000e9400000| PB 0x00000000e9400000| Untracked 
| 149|0x00000000e9500000, 0x00000000e9500000, 0x00000000e9600000|  0%| F|  |TAMS 0x00000000e9500000| PB 0x00000000e9500000| Untracked 
| 150|0x00000000e9600000, 0x00000000e9600000, 0x00000000e9700000|  0%| F|  |TAMS 0x00000000e9600000| PB 0x00000000e9600000| Untracked 
| 151|0x00000000e9700000, 0x00000000e9700000, 0x00000000e9800000|  0%| F|  |TAMS 0x00000000e9700000| PB 0x00000000e9700000| Untracked 
| 152|0x00000000e9800000, 0x00000000e9800000, 0x00000000e9900000|  0%| F|  |TAMS 0x00000000e9800000| PB 0x00000000e9800000| Untracked 
| 153|0x00000000e9900000, 0x00000000e9900000, 0x00000000e9a00000|  0%| F|  |TAMS 0x00000000e9900000| PB 0x00000000e9900000| Untracked 
| 154|0x00000000e9a00000, 0x00000000e9a00000, 0x00000000e9b00000|  0%| F|  |TAMS 0x00000000e9a00000| PB 0x00000000e9a00000| Untracked 
| 155|0x00000000e9b00000, 0x00000000e9b00000, 0x00000000e9c00000|  0%| F|  |TAMS 0x00000000e9b00000| PB 0x00000000e9b00000| Untracked 
| 156|0x00000000e9c00000, 0x00000000e9c00000, 0x00000000e9d00000|  0%| F|  |TAMS 0x00000000e9c00000| PB 0x00000000e9c00000| Untracked 
| 157|0x00000000e9d00000, 0x00000000e9d00000, 0x00000000e9e00000|  0%| F|  |TAMS 0x00000000e9d00000| PB 0x00000000e9d00000| Untracked 
| 158|0x00000000e9e00000, 0x00000000e9e00000, 0x00000000e9f00000|  0%| F|  |TAMS 0x00000000e9e00000| PB 0x00000000e9e00000| Untracked 
| 159|0x00000000e9f00000, 0x00000000e9f00000, 0x00000000ea000000|  0%| F|  |TAMS 0x00000000e9f00000| PB 0x00000000e9f00000| Untracked 
| 160|0x00000000ea000000, 0x00000000ea080000, 0x00000000ea100000| 50%| S|CS|TAMS 0x00000000ea000000| PB 0x00000000ea000000| Complete 
| 161|0x00000000ea100000, 0x00000000ea200000, 0x00000000ea200000|100%| S|CS|TAMS 0x00000000ea100000| PB 0x00000000ea100000| Complete 
| 162|0x00000000ea200000, 0x00000000ea300000, 0x00000000ea300000|100%| S|CS|TAMS 0x00000000ea200000| PB 0x00000000ea200000| Complete 
| 163|0x00000000ea300000, 0x00000000ea400000, 0x00000000ea400000|100%| S|CS|TAMS 0x00000000ea300000| PB 0x00000000ea300000| Complete 
| 164|0x00000000ea400000, 0x00000000ea500000, 0x00000000ea500000|100%| S|CS|TAMS 0x00000000ea400000| PB 0x00000000ea400000| Complete 
| 165|0x00000000ea500000, 0x00000000ea600000, 0x00000000ea600000|100%| S|CS|TAMS 0x00000000ea500000| PB 0x00000000ea500000| Complete 
| 166|0x00000000ea600000, 0x00000000ea700000, 0x00000000ea700000|100%| S|CS|TAMS 0x00000000ea600000| PB 0x00000000ea600000| Complete 
| 167|0x00000000ea700000, 0x00000000ea800000, 0x00000000ea800000|100%| S|CS|TAMS 0x00000000ea700000| PB 0x00000000ea700000| Complete 
| 168|0x00000000ea800000, 0x00000000ea900000, 0x00000000ea900000|100%| S|CS|TAMS 0x00000000ea800000| PB 0x00000000ea800000| Complete 
| 169|0x00000000ea900000, 0x00000000eaa00000, 0x00000000eaa00000|100%| S|CS|TAMS 0x00000000ea900000| PB 0x00000000ea900000| Complete 
| 170|0x00000000eaa00000, 0x00000000eab00000, 0x00000000eab00000|100%| S|CS|TAMS 0x00000000eaa00000| PB 0x00000000eaa00000| Complete 
| 171|0x00000000eab00000, 0x00000000eac00000, 0x00000000eac00000|100%| S|CS|TAMS 0x00000000eab00000| PB 0x00000000eab00000| Complete 
| 172|0x00000000eac00000, 0x00000000ead00000, 0x00000000ead00000|100%| S|CS|TAMS 0x00000000eac00000| PB 0x00000000eac00000| Complete 
| 173|0x00000000ead00000, 0x00000000eae00000, 0x00000000eae00000|100%| S|CS|TAMS 0x00000000ead00000| PB 0x00000000ead00000| Complete 
| 174|0x00000000eae00000, 0x00000000eaf00000, 0x00000000eaf00000|100%| S|CS|TAMS 0x00000000eae00000| PB 0x00000000eae00000| Complete 
| 175|0x00000000eaf00000, 0x00000000eaf00000, 0x00000000eb000000|  0%| F|  |TAMS 0x00000000eaf00000| PB 0x00000000eaf00000| Untracked 
| 176|0x00000000eb000000, 0x00000000eb000000, 0x00000000eb100000|  0%| F|  |TAMS 0x00000000eb000000| PB 0x00000000eb000000| Untracked 
| 177|0x00000000eb100000, 0x00000000eb100000, 0x00000000eb200000|  0%| F|  |TAMS 0x00000000eb100000| PB 0x00000000eb100000| Untracked 
| 178|0x00000000eb200000, 0x00000000eb200000, 0x00000000eb300000|  0%| F|  |TAMS 0x00000000eb200000| PB 0x00000000eb200000| Untracked 
| 179|0x00000000eb300000, 0x00000000eb300000, 0x00000000eb400000|  0%| F|  |TAMS 0x00000000eb300000| PB 0x00000000eb300000| Untracked 
| 180|0x00000000eb400000, 0x00000000eb400000, 0x00000000eb500000|  0%| F|  |TAMS 0x00000000eb400000| PB 0x00000000eb400000| Untracked 
| 181|0x00000000eb500000, 0x00000000eb500000, 0x00000000eb600000|  0%| F|  |TAMS 0x00000000eb500000| PB 0x00000000eb500000| Untracked 
| 182|0x00000000eb600000, 0x00000000eb600000, 0x00000000eb700000|  0%| F|  |TAMS 0x00000000eb600000| PB 0x00000000eb600000| Untracked 
| 183|0x00000000eb700000, 0x00000000eb700000, 0x00000000eb800000|  0%| F|  |TAMS 0x00000000eb700000| PB 0x00000000eb700000| Untracked 
| 184|0x00000000eb800000, 0x00000000eb800000, 0x00000000eb900000|  0%| F|  |TAMS 0x00000000eb800000| PB 0x00000000eb800000| Untracked 
| 185|0x00000000eb900000, 0x00000000eb900000, 0x00000000eba00000|  0%| F|  |TAMS 0x00000000eb900000| PB 0x00000000eb900000| Untracked 
| 186|0x00000000eba00000, 0x00000000eba00000, 0x00000000ebb00000|  0%| F|  |TAMS 0x00000000eba00000| PB 0x00000000eba00000| Untracked 
| 187|0x00000000ebb00000, 0x00000000ebb00000, 0x00000000ebc00000|  0%| F|  |TAMS 0x00000000ebb00000| PB 0x00000000ebb00000| Untracked 
| 188|0x00000000ebc00000, 0x00000000ebc00000, 0x00000000ebd00000|  0%| F|  |TAMS 0x00000000ebc00000| PB 0x00000000ebc00000| Untracked 
| 189|0x00000000ebd00000, 0x00000000ebd00000, 0x00000000ebe00000|  0%| F|  |TAMS 0x00000000ebd00000| PB 0x00000000ebd00000| Untracked 
| 190|0x00000000ebe00000, 0x00000000ebe00000, 0x00000000ebf00000|  0%| F|  |TAMS 0x00000000ebe00000| PB 0x00000000ebe00000| Untracked 
| 191|0x00000000ebf00000, 0x00000000ebf00000, 0x00000000ec000000|  0%| F|  |TAMS 0x00000000ebf00000| PB 0x00000000ebf00000| Untracked 
| 192|0x00000000ec000000, 0x00000000ec000000, 0x00000000ec100000|  0%| F|  |TAMS 0x00000000ec000000| PB 0x00000000ec000000| Untracked 
| 193|0x00000000ec100000, 0x00000000ec100000, 0x00000000ec200000|  0%| F|  |TAMS 0x00000000ec100000| PB 0x00000000ec100000| Untracked 
| 194|0x00000000ec200000, 0x00000000ec200000, 0x00000000ec300000|  0%| F|  |TAMS 0x00000000ec200000| PB 0x00000000ec200000| Untracked 
| 195|0x00000000ec300000, 0x00000000ec300000, 0x00000000ec400000|  0%| F|  |TAMS 0x00000000ec300000| PB 0x00000000ec300000| Untracked 
| 196|0x00000000ec400000, 0x00000000ec400000, 0x00000000ec500000|  0%| F|  |TAMS 0x00000000ec400000| PB 0x00000000ec400000| Untracked 
| 197|0x00000000ec500000, 0x00000000ec500000, 0x00000000ec600000|  0%| F|  |TAMS 0x00000000ec500000| PB 0x00000000ec500000| Untracked 
| 198|0x00000000ec600000, 0x00000000ec600000, 0x00000000ec700000|  0%| F|  |TAMS 0x00000000ec600000| PB 0x00000000ec600000| Untracked 
| 199|0x00000000ec700000, 0x00000000ec700000, 0x00000000ec800000|  0%| F|  |TAMS 0x00000000ec700000| PB 0x00000000ec700000| Untracked 
| 200|0x00000000ec800000, 0x00000000ec800000, 0x00000000ec900000|  0%| F|  |TAMS 0x00000000ec800000| PB 0x00000000ec800000| Untracked 
| 201|0x00000000ec900000, 0x00000000ec900000, 0x00000000eca00000|  0%| F|  |TAMS 0x00000000ec900000| PB 0x00000000ec900000| Untracked 
| 202|0x00000000eca00000, 0x00000000eca00000, 0x00000000ecb00000|  0%| F|  |TAMS 0x00000000eca00000| PB 0x00000000eca00000| Untracked 
| 203|0x00000000ecb00000, 0x00000000ecb00000, 0x00000000ecc00000|  0%| F|  |TAMS 0x00000000ecb00000| PB 0x00000000ecb00000| Untracked 
| 204|0x00000000ecc00000, 0x00000000ecc00000, 0x00000000ecd00000|  0%| F|  |TAMS 0x00000000ecc00000| PB 0x00000000ecc00000| Untracked 
| 205|0x00000000ecd00000, 0x00000000ecd00000, 0x00000000ece00000|  0%| F|  |TAMS 0x00000000ecd00000| PB 0x00000000ecd00000| Untracked 
| 206|0x00000000ece00000, 0x00000000ece00000, 0x00000000ecf00000|  0%| F|  |TAMS 0x00000000ece00000| PB 0x00000000ece00000| Untracked 
| 207|0x00000000ecf00000, 0x00000000ecf00000, 0x00000000ed000000|  0%| F|  |TAMS 0x00000000ecf00000| PB 0x00000000ecf00000| Untracked 
| 208|0x00000000ed000000, 0x00000000ed000000, 0x00000000ed100000|  0%| F|  |TAMS 0x00000000ed000000| PB 0x00000000ed000000| Untracked 
| 209|0x00000000ed100000, 0x00000000ed100000, 0x00000000ed200000|  0%| F|  |TAMS 0x00000000ed100000| PB 0x00000000ed100000| Untracked 
| 210|0x00000000ed200000, 0x00000000ed200000, 0x00000000ed300000|  0%| F|  |TAMS 0x00000000ed200000| PB 0x00000000ed200000| Untracked 
| 211|0x00000000ed300000, 0x00000000ed300000, 0x00000000ed400000|  0%| F|  |TAMS 0x00000000ed300000| PB 0x00000000ed300000| Untracked 
| 212|0x00000000ed400000, 0x00000000ed400000, 0x00000000ed500000|  0%| F|  |TAMS 0x00000000ed400000| PB 0x00000000ed400000| Untracked 
| 213|0x00000000ed500000, 0x00000000ed500000, 0x00000000ed600000|  0%| F|  |TAMS 0x00000000ed500000| PB 0x00000000ed500000| Untracked 
| 214|0x00000000ed600000, 0x00000000ed600000, 0x00000000ed700000|  0%| F|  |TAMS 0x00000000ed600000| PB 0x00000000ed600000| Untracked 
| 215|0x00000000ed700000, 0x00000000ed700000, 0x00000000ed800000|  0%| F|  |TAMS 0x00000000ed700000| PB 0x00000000ed700000| Untracked 
| 216|0x00000000ed800000, 0x00000000ed800000, 0x00000000ed900000|  0%| F|  |TAMS 0x00000000ed800000| PB 0x00000000ed800000| Untracked 
| 217|0x00000000ed900000, 0x00000000ed900000, 0x00000000eda00000|  0%| F|  |TAMS 0x00000000ed900000| PB 0x00000000ed900000| Untracked 
| 218|0x00000000eda00000, 0x00000000eda00000, 0x00000000edb00000|  0%| F|  |TAMS 0x00000000eda00000| PB 0x00000000eda00000| Untracked 
| 219|0x00000000edb00000, 0x00000000edb00000, 0x00000000edc00000|  0%| F|  |TAMS 0x00000000edb00000| PB 0x00000000edb00000| Untracked 
| 220|0x00000000edc00000, 0x00000000edc00000, 0x00000000edd00000|  0%| F|  |TAMS 0x00000000edc00000| PB 0x00000000edc00000| Untracked 
| 221|0x00000000edd00000, 0x00000000edd00000, 0x00000000ede00000|  0%| F|  |TAMS 0x00000000edd00000| PB 0x00000000edd00000| Untracked 
| 222|0x00000000ede00000, 0x00000000ede00000, 0x00000000edf00000|  0%| F|  |TAMS 0x00000000ede00000| PB 0x00000000ede00000| Untracked 
| 223|0x00000000edf00000, 0x00000000edf00000, 0x00000000ee000000|  0%| F|  |TAMS 0x00000000edf00000| PB 0x00000000edf00000| Untracked 
| 224|0x00000000ee000000, 0x00000000ee000000, 0x00000000ee100000|  0%| F|  |TAMS 0x00000000ee000000| PB 0x00000000ee000000| Untracked 
| 225|0x00000000ee100000, 0x00000000ee100000, 0x00000000ee200000|  0%| F|  |TAMS 0x00000000ee100000| PB 0x00000000ee100000| Untracked 
| 226|0x00000000ee200000, 0x00000000ee200000, 0x00000000ee300000|  0%| F|  |TAMS 0x00000000ee200000| PB 0x00000000ee200000| Untracked 
| 227|0x00000000ee300000, 0x00000000ee300000, 0x00000000ee400000|  0%| F|  |TAMS 0x00000000ee300000| PB 0x00000000ee300000| Untracked 
| 228|0x00000000ee400000, 0x00000000ee400000, 0x00000000ee500000|  0%| F|  |TAMS 0x00000000ee400000| PB 0x00000000ee400000| Untracked 
| 229|0x00000000ee500000, 0x00000000ee500000, 0x00000000ee600000|  0%| F|  |TAMS 0x00000000ee500000| PB 0x00000000ee500000| Untracked 
| 230|0x00000000ee600000, 0x00000000ee600000, 0x00000000ee700000|  0%| F|  |TAMS 0x00000000ee600000| PB 0x00000000ee600000| Untracked 
| 231|0x00000000ee700000, 0x00000000ee700000, 0x00000000ee800000|  0%| F|  |TAMS 0x00000000ee700000| PB 0x00000000ee700000| Untracked 
| 232|0x00000000ee800000, 0x00000000ee800000, 0x00000000ee900000|  0%| F|  |TAMS 0x00000000ee800000| PB 0x00000000ee800000| Untracked 
| 233|0x00000000ee900000, 0x00000000ee900000, 0x00000000eea00000|  0%| F|  |TAMS 0x00000000ee900000| PB 0x00000000ee900000| Untracked 
| 234|0x00000000eea00000, 0x00000000eea00000, 0x00000000eeb00000|  0%| F|  |TAMS 0x00000000eea00000| PB 0x00000000eea00000| Untracked 
| 235|0x00000000eeb00000, 0x00000000eeb00000, 0x00000000eec00000|  0%| F|  |TAMS 0x00000000eeb00000| PB 0x00000000eeb00000| Untracked 
| 236|0x00000000eec00000, 0x00000000eec00000, 0x00000000eed00000|  0%| F|  |TAMS 0x00000000eec00000| PB 0x00000000eec00000| Untracked 
| 237|0x00000000eed00000, 0x00000000eed00000, 0x00000000eee00000|  0%| F|  |TAMS 0x00000000eed00000| PB 0x00000000eed00000| Untracked 
| 238|0x00000000eee00000, 0x00000000eee00000, 0x00000000eef00000|  0%| F|  |TAMS 0x00000000eee00000| PB 0x00000000eee00000| Untracked 
| 239|0x00000000eef00000, 0x00000000eef00000, 0x00000000ef000000|  0%| F|  |TAMS 0x00000000eef00000| PB 0x00000000eef00000| Untracked 
| 240|0x00000000ef000000, 0x00000000ef000000, 0x00000000ef100000|  0%| F|  |TAMS 0x00000000ef000000| PB 0x00000000ef000000| Untracked 
| 241|0x00000000ef100000, 0x00000000ef100000, 0x00000000ef200000|  0%| F|  |TAMS 0x00000000ef100000| PB 0x00000000ef100000| Untracked 
| 242|0x00000000ef200000, 0x00000000ef200000, 0x00000000ef300000|  0%| F|  |TAMS 0x00000000ef200000| PB 0x00000000ef200000| Untracked 
| 243|0x00000000ef300000, 0x00000000ef300000, 0x00000000ef400000|  0%| F|  |TAMS 0x00000000ef300000| PB 0x00000000ef300000| Untracked 
| 244|0x00000000ef400000, 0x00000000ef400000, 0x00000000ef500000|  0%| F|  |TAMS 0x00000000ef400000| PB 0x00000000ef400000| Untracked 
| 245|0x00000000ef500000, 0x00000000ef500000, 0x00000000ef600000|  0%| F|  |TAMS 0x00000000ef500000| PB 0x00000000ef500000| Untracked 
| 246|0x00000000ef600000, 0x00000000ef600000, 0x00000000ef700000|  0%| F|  |TAMS 0x00000000ef600000| PB 0x00000000ef600000| Untracked 
| 247|0x00000000ef700000, 0x00000000ef700000, 0x00000000ef800000|  0%| F|  |TAMS 0x00000000ef700000| PB 0x00000000ef700000| Untracked 
| 248|0x00000000ef800000, 0x00000000ef800000, 0x00000000ef900000|  0%| F|  |TAMS 0x00000000ef800000| PB 0x00000000ef800000| Untracked 
| 249|0x00000000ef900000, 0x00000000ef900000, 0x00000000efa00000|  0%| F|  |TAMS 0x00000000ef900000| PB 0x00000000ef900000| Untracked 
| 250|0x00000000efa00000, 0x00000000efb00000, 0x00000000efb00000|100%| E|  |TAMS 0x00000000efa00000| PB 0x00000000efa00000| Complete 
| 251|0x00000000efb00000, 0x00000000efc00000, 0x00000000efc00000|100%| E|CS|TAMS 0x00000000efb00000| PB 0x00000000efb00000| Complete 
| 252|0x00000000efc00000, 0x00000000efd00000, 0x00000000efd00000|100%| E|CS|TAMS 0x00000000efc00000| PB 0x00000000efc00000| Complete 
| 255|0x00000000eff00000, 0x00000000f0000000, 0x00000000f0000000|100%| E|CS|TAMS 0x00000000eff00000| PB 0x00000000eff00000| Complete 
| 510|0x00000000ffe00000, 0x00000000fff00000, 0x00000000fff00000|100%| O|  |TAMS 0x00000000fff00000| PB 0x00000000ffe00000| Untracked 
| 511|0x00000000fff00000, 0x0000000100000000, 0x0000000100000000|100%| E|CS|TAMS 0x00000000fff00000| PB 0x00000000fff00000| Complete 

Card table byte_map: [0x00007f8354c22000,0x00007f8354d22000] _byte_map_base: 0x00007f8354522000

Marking Bits: (CMBitMap*) 0x00007f835004a150
 Bits: [0x00007f8354400000, 0x00007f8354c00000)

Polling page: 0x00007f8357615000

Metaspace:

Usage:
  Non-class:     49.94 MB used.
      Class:      8.40 MB used.
       Both:     58.34 MB used.

Virtual space:
  Non-class space:       64.00 MB reserved,      51.00 MB ( 80%) committed,  1 nodes.
      Class space:      320.00 MB reserved,       9.38 MB (  3%) committed,  1 nodes.
             Both:      384.00 MB reserved,      60.38 MB ( 16%) committed. 

Chunk freelists:
   Non-Class:  12.64 MB
       Class:  6.55 MB
        Both:  19.19 MB

MaxMetaspaceSize: 384.00 MB
CompressedClassSpaceSize: 320.00 MB
Initial GC threshold: 21.00 MB
Current GC threshold: 60.44 MB
CDS: on
 - commit_granule_bytes: 65536.
 - commit_granule_words: 8192.
 - virtual_space_node_default_size: 8388608.
 - enlarge_chunks_in_place: 1.
 - use_allocation_guard: 0.


Internal statistics:

num_allocs_failed_limit: 15.
num_arena_births: 3686.
num_arena_deaths: 0.
num_vsnodes_births: 2.
num_vsnodes_deaths: 0.
num_space_committed: 966.
num_space_uncommitted: 0.
num_chunks_returned_to_freelist: 15.
num_chunks_taken_from_freelist: 6554.
num_chunk_merges: 12.
num_chunk_splits: 4260.
num_chunks_enlarged: 2592.
num_inconsistent_stats: 0.

CodeHeap 'non-profiled nmethods': size=120028Kb used=4642Kb max_used=4642Kb free=115385Kb
 bounds [0x00007f83402c9000, 0x00007f8340759000, 0x00007f8347800000]
CodeHeap 'profiled nmethods': size=120028Kb used=14519Kb max_used=14519Kb free=105509Kb
 bounds [0x00007f8338800000, 0x00007f8339630000, 0x00007f833fd37000]
CodeHeap 'non-nmethods': size=5704Kb used=2220Kb max_used=2258Kb free=3483Kb
 bounds [0x00007f833fd37000, 0x00007f833ffa7000, 0x00007f83402c9000]
CodeCache: size=245760Kb, used=21381Kb, max_used=21419Kb, free=224377Kb
 total_blobs=8184, nmethods=7394, adapters=695, full_count=0
Compilation: enabled, stopped_count=0, restarted_count=0

Compilation events (20 events):
Event: 12.892 Thread 0x00007f835018f010 7769       3       java.util.Arrays$ArrayList::contains (14 bytes)
Event: 12.892 Thread 0x00007f835018f010 nmethod 7769 0x00007f8339628510 code [0x00007f83396286c0, 0x00007f8339628860]
Event: 12.892 Thread 0x00007f835018f010 7777   !   3       com.google.common.cache.LocalCache::processPendingNotifications (48 bytes)
Event: 12.893 Thread 0x00007f835018f010 nmethod 7777 0x00007f8339628910 code [0x00007f8339628b00, 0x00007f8339629098]
Event: 12.893 Thread 0x00007f835018f010 7772       3       com.google.common.cache.LocalCache$Segment::preWriteCleanup (6 bytes)
Event: 12.893 Thread 0x00007f835018f010 nmethod 7772 0x00007f8339629290 code [0x00007f8339629440, 0x00007f8339629578]
Event: 12.893 Thread 0x00007f835018f010 7773   !   3       com.google.common.cache.LocalCache$Segment::runLockedCleanup (39 bytes)
Event: 12.894 Thread 0x00007f835018f010 nmethod 7773 0x00007f8339629610 code [0x00007f8339629880, 0x00007f833962a358]
Event: 12.895 Thread 0x00007f835018f010 7774       3       com.google.common.cache.LocalCache$Segment::expireEntries (113 bytes)
Event: 12.896 Thread 0x00007f835018f010 nmethod 7774 0x00007f833962a790 code [0x00007f833962aa40, 0x00007f833962b620]
Event: 12.897 Thread 0x00007f835018f010 7775       3       com.google.common.cache.LocalCache$Segment::postWriteCleanup (5 bytes)
Event: 12.897 Thread 0x00007f835018f010 nmethod 7775 0x00007f833962b990 code [0x00007f833962bb60, 0x00007f833962bf00]
Event: 12.897 Thread 0x00007f835018f010 7776       3       com.google.common.cache.LocalCache$Segment::runUnlockedCleanup (15 bytes)
Event: 12.897 Thread 0x00007f835018f010 nmethod 7776 0x00007f833962c090 code [0x00007f833962c260, 0x00007f833962c5a0]
Event: 12.897 Thread 0x00007f835018f010 7779       3       java.util.BitSet::nextSetBit (102 bytes)
Event: 12.899 Thread 0x00007f835018f010 nmethod 7779 0x00007f833962c710 code [0x00007f833962c980, 0x00007f833962d258]
Event: 12.899 Thread 0x00007f835018f010 7778       1       org.gradle.internal.snapshot.impl.AbstractScalarValueSnapshot::getValue (5 bytes)
Event: 12.899 Thread 0x00007f835018f010 nmethod 7778 0x00007f8340744590 code [0x00007f8340744720, 0x00007f83407447e0]
Event: 12.899 Thread 0x00007f835018f010 7771       3       com.google.common.cache.LocalCache$StrongEntry::<init> (27 bytes)
Event: 12.899 Thread 0x00007f835018f010 nmethod 7771 0x00007f833962d610 code [0x00007f833962d7c0, 0x00007f833962db00]

GC Heap History (20 events):
Event: 0.841 GC heap before
{Heap before GC invocations=0 (full 0):
 garbage-first heap   total 264192K, used 28721K [0x00000000e0000000, 0x0000000100000000)
  region size 1024K, 23 young (23552K), 0 survivors (0K)
 Metaspace       used 3947K, committed 4224K, reserved 393216K
  class space    used 506K, committed 640K, reserved 327680K
}
Event: 0.848 GC heap after
{Heap after GC invocations=1 (full 0):
 garbage-first heap   total 264192K, used 12392K [0x00000000e0000000, 0x0000000100000000)
  region size 1024K, 3 young (3072K), 3 survivors (3072K)
 Metaspace       used 3947K, committed 4224K, reserved 393216K
  class space    used 506K, committed 640K, reserved 327680K
}
Event: 1.414 GC heap before
{Heap before GC invocations=1 (full 0):
 garbage-first heap   total 264192K, used 46184K [0x00000000e0000000, 0x0000000100000000)
  region size 1024K, 35 young (35840K), 3 survivors (3072K)
 Metaspace       used 6139K, committed 6400K, reserved 393216K
  class space    used 817K, committed 896K, reserved 327680K
}
Event: 1.422 GC heap after
{Heap after GC invocations=2 (full 0):
 garbage-first heap   total 264192K, used 19006K [0x00000000e0000000, 0x0000000100000000)
  region size 1024K, 5 young (5120K), 5 survivors (5120K)
 Metaspace       used 6139K, committed 6400K, reserved 393216K
  class space    used 817K, committed 896K, reserved 327680K
}
Event: 3.368 GC heap before
{Heap before GC invocations=2 (full 0):
 garbage-first heap   total 264192K, used 96830K [0x00000000e0000000, 0x0000000100000000)
  region size 1024K, 82 young (83968K), 5 survivors (5120K)
 Metaspace       used 20884K, committed 21504K, reserved 393216K
  class space    used 2967K, committed 3264K, reserved 327680K
}
Event: 3.380 GC heap after
{Heap after GC invocations=3 (full 0):
 garbage-first heap   total 264192K, used 24582K [0x00000000e0000000, 0x0000000100000000)
  region size 1024K, 11 young (11264K), 11 survivors (11264K)
 Metaspace       used 20884K, committed 21504K, reserved 393216K
  class space    used 2967K, committed 3264K, reserved 327680K
}
Event: 5.594 GC heap before
{Heap before GC invocations=4 (full 0):
 garbage-first heap   total 262144K, used 128006K [0x00000000e0000000, 0x0000000100000000)
  region size 1024K, 111 young (113664K), 11 survivors (11264K)
 Metaspace       used 34249K, committed 35584K, reserved 393216K
  class space    used 4960K, committed 5632K, reserved 327680K
}
Event: 5.613 GC heap after
{Heap after GC invocations=5 (full 0):
 garbage-first heap   total 262144K, used 31935K [0x00000000e0000000, 0x0000000100000000)
  region size 1024K, 13 young (13312K), 13 survivors (13312K)
 Metaspace       used 34249K, committed 35584K, reserved 393216K
  class space    used 4960K, committed 5632K, reserved 327680K
}
Event: 5.673 GC heap before
{Heap before GC invocations=5 (full 0):
 garbage-first heap   total 262144K, used 36031K [0x00000000e0000000, 0x0000000100000000)
  region size 1024K, 18 young (18432K), 13 survivors (13312K)
 Metaspace       used 34792K, committed 36096K, reserved 393216K
  class space    used 5042K, committed 5696K, reserved 327680K
}
Event: 5.688 GC heap after
{Heap after GC invocations=6 (full 0):
 garbage-first heap   total 262144K, used 32697K [0x00000000e0000000, 0x0000000100000000)
  region size 1024K, 8 young (8192K), 8 survivors (8192K)
 Metaspace       used 34792K, committed 36096K, reserved 393216K
  class space    used 5042K, committed 5696K, reserved 327680K
}
Event: 5.736 GC heap before
{Heap before GC invocations=6 (full 0):
 garbage-first heap   total 262144K, used 34745K [0x00000000e0000000, 0x0000000100000000)
  region size 1024K, 11 young (11264K), 8 survivors (8192K)
 Metaspace       used 35056K, committed 36416K, reserved 393216K
  class space    used 5094K, committed 5760K, reserved 327680K
}
Event: 5.748 GC heap after
{Heap after GC invocations=7 (full 0):
 garbage-first heap   total 262144K, used 32626K [0x00000000e0000000, 0x0000000100000000)
  region size 1024K, 8 young (8192K), 8 survivors (8192K)
 Metaspace       used 35056K, committed 36416K, reserved 393216K
  class space    used 5094K, committed 5760K, reserved 327680K
}
Event: 8.220 GC heap before
{Heap before GC invocations=8 (full 0):
 garbage-first heap   total 262144K, used 180082K [0x00000000e0000000, 0x0000000100000000)
  region size 1024K, 153 young (156672K), 8 survivors (8192K)
 Metaspace       used 48150K, committed 49728K, reserved 393216K
  class space    used 6836K, committed 7616K, reserved 327680K
}
Event: 8.249 GC heap after
{Heap after GC invocations=9 (full 0):
 garbage-first heap   total 262144K, used 43392K [0x00000000e0000000, 0x0000000100000000)
  region size 1024K, 19 young (19456K), 19 survivors (19456K)
 Metaspace       used 48150K, committed 49728K, reserved 393216K
  class space    used 6836K, committed 7616K, reserved 327680K
}
Event: 9.277 GC heap before
{Heap before GC invocations=9 (full 0):
 garbage-first heap   total 262144K, used 180608K [0x00000000e0000000, 0x0000000100000000)
  region size 1024K, 153 young (156672K), 19 survivors (19456K)
 Metaspace       used 48411K, committed 49984K, reserved 393216K
  class space    used 6859K, committed 7616K, reserved 327680K
}
Event: 9.308 GC heap after
{Heap after GC invocations=10 (full 0):
 garbage-first heap   total 262144K, used 50589K [0x00000000e0000000, 0x0000000100000000)
  region size 1024K, 9 young (9216K), 9 survivors (9216K)
 Metaspace       used 48411K, committed 49984K, reserved 393216K
  class space    used 6859K, committed 7616K, reserved 327680K
}
Event: 11.120 GC heap before
{Heap before GC invocations=10 (full 0):
 garbage-first heap   total 262144K, used 199069K [0x00000000e0000000, 0x0000000100000000)
  region size 1024K, 153 young (156672K), 9 survivors (9216K)
 Metaspace       used 51590K, committed 53312K, reserved 393216K
  class space    used 7255K, committed 8064K, reserved 327680K
}
Event: 11.147 GC heap after
{Heap after GC invocations=11 (full 0):
 garbage-first heap   total 262144K, used 57825K [0x00000000e0000000, 0x0000000100000000)
  region size 1024K, 15 young (15360K), 15 survivors (15360K)
 Metaspace       used 51590K, committed 53312K, reserved 393216K
  class space    used 7255K, committed 8064K, reserved 327680K
}
Event: 12.784 GC heap before
{Heap before GC invocations=11 (full 0):
 garbage-first heap   total 262144K, used 138721K [0x00000000e0000000, 0x0000000100000000)
  region size 1024K, 95 young (97280K), 15 survivors (15360K)
 Metaspace       used 59209K, committed 61248K, reserved 393216K
  class space    used 8506K, committed 9472K, reserved 327680K
}
Event: 12.818 GC heap after
{Heap after GC invocations=12 (full 0):
 garbage-first heap   total 262144K, used 64229K [0x00000000e0000000, 0x0000000100000000)
  region size 1024K, 15 young (15360K), 15 survivors (15360K)
 Metaspace       used 59209K, committed 61248K, reserved 393216K
  class space    used 8506K, committed 9472K, reserved 327680K
}

Dll operation events (14 events):
Event: 0.006 Loaded shared library /usr/lib/jvm/java-21-openjdk-amd64/lib/libjava.so
Event: 0.050 Loaded shared library /usr/lib/jvm/java-21-openjdk-amd64/lib/libjsvml.so
Event: 0.126 Loaded shared library /usr/lib/jvm/java-21-openjdk-amd64/lib/libzip.so
Event: 0.130 Loaded shared library /usr/lib/jvm/java-21-openjdk-amd64/lib/libinstrument.so
Event: 0.134 Loaded shared library /usr/lib/jvm/java-21-openjdk-amd64/lib/libnio.so
Event: 0.138 Loaded shared library /usr/lib/jvm/java-21-openjdk-amd64/lib/libzip.so
Event: 0.236 Loaded shared library /usr/lib/jvm/java-21-openjdk-amd64/lib/libjimage.so
Event: 0.517 Loaded shared library /usr/lib/jvm/java-21-openjdk-amd64/lib/libverify.so
Event: 0.558 Loaded shared library /usr/lib/jvm/java-21-openjdk-amd64/lib/libnet.so
Event: 0.561 Loaded shared library /home/vanille/.gradle/native/660c5614fbf4a5f2a75b1949f50a0caf5cd603558e7d8a26e50b933a0cfb79d1/linux-amd64/libnative-platform.so
Event: 0.580 Loaded shared library /home/vanille/.gradle/native/0.2.8/x86_64-linux-gnu/libgradle-fileevents.so
Event: 1.499 Loaded shared library /usr/lib/jvm/java-21-openjdk-amd64/lib/libmanagement.so
Event: 1.501 Loaded shared library /usr/lib/jvm/java-21-openjdk-amd64/lib/libmanagement_ext.so
Event: 1.665 Loaded shared library /usr/lib/jvm/java-21-openjdk-amd64/lib/libextnet.so

Deoptimization events (20 events):
Event: 12.159 Thread 0x00007f82b800afe0 Uncommon trap: trap_request=0xffffff3d fr.pc=0x00007f8340481610 relative=0x0000000000000e70
Event: 12.159 Thread 0x00007f82b800afe0 Uncommon trap: reason=unstable_fused_if action=reinterpret pc=0x00007f8340481610 method=org.objectweb.asm.ByteVector.putUTF8(Ljava/lang/String;)Lorg/objectweb/asm/ByteVector; @ 93 c2
Event: 12.159 Thread 0x00007f82b800afe0 DEOPT PACKING pc=0x00007f8340481610 sp=0x00007f8302df5140
Event: 12.159 Thread 0x00007f82b800afe0 DEOPT UNPACKING pc=0x00007f833fd8e619 sp=0x00007f8302df5098 mode 2
Event: 12.371 Thread 0x00007f82b800afe0 Uncommon trap: trap_request=0xffffff76 fr.pc=0x00007f834041c2a4 relative=0x00000000000002c4
Event: 12.371 Thread 0x00007f82b800afe0 Uncommon trap: reason=predicate action=maybe_recompile pc=0x00007f834041c2a4 method=com.google.common.base.CharMatcher.indexIn(Ljava/lang/CharSequence;I)I @ 19 c2
Event: 12.371 Thread 0x00007f82b800afe0 DEOPT PACKING pc=0x00007f834041c2a4 sp=0x00007f8302df7460
Event: 12.371 Thread 0x00007f82b800afe0 DEOPT UNPACKING pc=0x00007f833fd8e619 sp=0x00007f8302df7428 mode 2
Event: 12.416 Thread 0x00007f82b800afe0 Uncommon trap: trap_request=0xffffff45 fr.pc=0x00007f834071f8bc relative=0x000000000000035c
Event: 12.416 Thread 0x00007f82b800afe0 Uncommon trap: reason=unstable_if action=reinterpret pc=0x00007f834071f8bc method=org.gradle.internal.reflect.PropertyAccessorType.of(Ljava/lang/reflect/Method;)Lorg/gradle/internal/reflect/PropertyAccessorType; @ 56 c2
Event: 12.416 Thread 0x00007f82b800afe0 DEOPT PACKING pc=0x00007f834071f8bc sp=0x00007f8302df6290
Event: 12.416 Thread 0x00007f82b800afe0 DEOPT UNPACKING pc=0x00007f833fd8e619 sp=0x00007f8302df6250 mode 2
Event: 12.505 Thread 0x00007f82b800afe0 Uncommon trap: trap_request=0xffffff45 fr.pc=0x00007f834066cf74 relative=0x0000000000000a94
Event: 12.505 Thread 0x00007f82b800afe0 Uncommon trap: reason=unstable_if action=reinterpret pc=0x00007f834066cf74 method=java.lang.StringLatin1.replace([BI[BI[BI)Ljava/lang/String; @ 71 c2
Event: 12.505 Thread 0x00007f82b800afe0 DEOPT PACKING pc=0x00007f834066cf74 sp=0x00007f8302df6210
Event: 12.505 Thread 0x00007f82b800afe0 DEOPT UNPACKING pc=0x00007f833fd8e619 sp=0x00007f8302df6178 mode 2
Event: 12.892 Thread 0x00007f82b800afe0 Uncommon trap: trap_request=0xffffff45 fr.pc=0x00007f834063082c relative=0x000000000000010c
Event: 12.892 Thread 0x00007f82b800afe0 Uncommon trap: reason=unstable_if action=reinterpret pc=0x00007f834063082c method=java.util.BitSet.nextSetBit(I)I @ 66 c2
Event: 12.892 Thread 0x00007f82b800afe0 DEOPT PACKING pc=0x00007f834063082c sp=0x00007f8302df56b0
Event: 12.892 Thread 0x00007f82b800afe0 DEOPT UNPACKING pc=0x00007f833fd8e619 sp=0x00007f8302df5668 mode 2

Classes loaded (20 events):
Event: 12.607 Loading class javax/net/ssl/HostnameVerifier
Event: 12.607 Loading class javax/net/ssl/HostnameVerifier done
Event: 12.609 Loading class javax/net/ssl/TrustManager
Event: 12.610 Loading class javax/net/ssl/TrustManager done
Event: 12.610 Loading class javax/net/ssl/X509TrustManager
Event: 12.610 Loading class javax/net/ssl/X509TrustManager done
Event: 12.612 Loading class javax/net/ssl/SSLPeerUnverifiedException
Event: 12.612 Loading class javax/net/ssl/SSLException
Event: 12.612 Loading class javax/net/ssl/SSLException done
Event: 12.612 Loading class javax/net/ssl/SSLPeerUnverifiedException done
Event: 12.613 Loading class javax/naming/NamingException
Event: 12.613 Loading class javax/naming/NamingException done
Event: 12.613 Loading class javax/naming/InvalidNameException
Event: 12.613 Loading class javax/naming/InvalidNameException done
Event: 12.613 Loading class java/security/cert/CertificateParsingException
Event: 12.613 Loading class java/security/cert/CertificateException
Event: 12.613 Loading class java/security/cert/CertificateException done
Event: 12.613 Loading class java/security/cert/CertificateParsingException done
Event: 12.756 Loading class java/nio/file/Path$1
Event: 12.756 Loading class java/nio/file/Path$1 done

Classes unloaded (0 events):
No events

Classes redefined (0 events):
No events

Internal exceptions (20 events):
Event: 11.896 Thread 0x00007f82b800afe0 Exception <a 'java/lang/ClassNotFoundException'{0x00000000eda511c8}: org/gradle/plugins/ide/eclipse/model/EclipseProjectCustomizer> (0x00000000eda511c8) 
thrown [./src/hotspot/share/classfile/systemDictionary.cpp, line 313]
Event: 11.898 Thread 0x00007f82b800afe0 Exception <a 'java/lang/ClassNotFoundException'{0x00000000eda852a0}: org/gradle/plugins/ide/eclipse/model/EclipseProject_DecoratedCustomizer> (0x00000000eda852a0) 
thrown [./src/hotspot/share/classfile/systemDictionary.cpp, line 313]
Event: 11.953 Thread 0x00007f82a401a310 Exception <a 'java/lang/NoSuchMethodError'{0x00000000ed9fc788}: static Lorg/gradle/internal/build/event/types/DefaultProjectConfigurationDescriptor;.<clinit>()V> (0x00000000ed9fc788) 
thrown [./src/hotspot/share/prims/jni.cpp, line 1111]
Event: 12.182 Thread 0x00007f82b800afe0 Exception <a 'java/lang/NoSuchMethodError'{0x00000000ece586a8}: 'java.lang.Object java.lang.invoke.DirectMethodHandle$Holder.invokeSpecial(java.lang.Object, java.lang.Object, java.lang.Object, java.lang.Object, int, java.lang.Object)'> (0x00000000ece586a8) 
thrown [./src/hotspot/share/interpreter/linkResolver.cpp, line 772]
Event: 12.225 Thread 0x00007f82b800afe0 Exception <a 'java/lang/NoSuchMethodError'{0x00000000ecc68998}: 'int java.lang.invoke.DirectMethodHandle$Holder.invokeInterface(java.lang.Object, java.lang.Object, java.lang.Object, java.lang.Object)'> (0x00000000ecc68998) 
thrown [./src/hotspot/share/interpreter/linkResolver.cpp, line 772]
Event: 12.262 Thread 0x00007f82b800afe0 Exception <a 'java/lang/NoSuchMethodError'{0x00000000eca612f8}: 'java.lang.Object java.lang.invoke.DirectMethodHandle$Holder.invokeStatic(java.lang.Object, long, java.lang.Object)'> (0x00000000eca612f8) 
thrown [./src/hotspot/share/interpreter/linkResolver.cpp, line 772]
Event: 12.271 Thread 0x00007f82b800afe0 Exception <a 'java/lang/NoSuchMethodError'{0x00000000ecac5a18}: 'java.lang.Object java.lang.invoke.DirectMethodHandle$Holder.newInvokeSpecial(java.lang.Object, java.lang.Object, java.lang.Object, java.lang.Object, java.lang.Object, long, java.lang.Object)'> (0x00000000ecac5a18) 
thrown [./src/hotspot/share/interpreter/linkResolver.cpp, line 772]
Event: 12.271 Thread 0x00007f82b800afe0 Exception <a 'java/lang/NoSuchMethodError'{0x00000000ecace890}: 'java.lang.Object java.lang.invoke.Invokers$Holder.linkToTargetMethod(java.lang.Object, java.lang.Object, java.lang.Object, java.lang.Object, long, java.lang.Object, java.lang.Object)'> (0x00000000ecace890) 
thrown [./src/hotspot/share/interpreter/linkResolver.cpp, line 772]
Event: 12.276 Thread 0x00007f82b800afe0 Exception <a 'java/lang/NoSuchMethodError'{0x00000000ec90f9b0}: 'java.lang.Object java.lang.invoke.DirectMethodHandle$Holder.newInvokeSpecial(java.lang.Object, java.lang.Object, java.lang.Object, long, java.lang.Object)'> (0x00000000ec90f9b0) 
thrown [./src/hotspot/share/interpreter/linkResolver.cpp, line 772]
Event: 12.276 Thread 0x00007f82b800afe0 Exception <a 'java/lang/NoSuchMethodError'{0x00000000ec914c00}: 'java.lang.Object java.lang.invoke.DirectMethodHandle$Holder.invokeSpecial(java.lang.Object, java.lang.Object, java.lang.Object, java.lang.Object, long, java.lang.Object)'> (0x00000000ec914c00) 
thrown [./src/hotspot/share/interpreter/linkResolver.cpp, line 772]
Event: 12.276 Thread 0x00007f82b800afe0 Exception <a 'java/lang/NoSuchMethodError'{0x00000000ec9194b0}: 'java.lang.Object java.lang.invoke.Invokers$Holder.linkToTargetMethod(java.lang.Object, java.lang.Object, long, java.lang.Object, java.lang.Object)'> (0x00000000ec9194b0) 
thrown [./src/hotspot/share/interpreter/linkResolver.cpp, line 772]
Event: 12.318 Thread 0x00007f82b800afe0 Exception <a 'java/lang/NoSuchMethodError'{0x00000000ec77bdd0}: 'java.lang.Object java.lang.invoke.DelegatingMethodHandle$Holder.reinvoke_L(java.lang.Object, java.lang.Object, java.lang.Object, java.lang.Object, int, java.lang.Object, java.lang.Object, java.lang.Object, java.lang.Object, java.lang.Object, java.lang.Object, java.lang.Object, java.lang.Object)'> (0x00000000ec77bdd0) 
thrown [./src/hotspot/share/interpreter/linkResolver.cpp, line 772]
Event: 12.427 Thread 0x00007f82b800afe0 Exception <a 'java/lang/NoSuchMethodError'{0x00000000ec2e9648}: 'java.lang.Object java.lang.invoke.DirectMethodHandle$Holder.newInvokeSpecial(java.lang.Object, java.lang.Object, java.lang.Object, java.lang.Object, java.lang.Object, java.lang.Object, java.lang.Object, java.lang.Object, java.lang.Object, java.lang.Object, java.lang.Object, java.lang.Object, java.lang.Object, java.lang.Object, java.lang.Object, java.lang.Object, java.lang.Object, java.lang.Object, java.lang.Object)'> (0x00000000ec2e9648) 
thr
Event: 12.428 Thread 0x00007f82b800afe0 Exception <a 'java/lang/NoSuchMethodError'{0x00000000ec2f0688}: 'java.lang.Object java.lang.invoke.DirectMethodHandle$Holder.invokeSpecial(java.lang.Object, java.lang.Object, java.lang.Object, java.lang.Object, java.lang.Object, java.lang.Object, java.lang.Object, java.lang.Object, java.lang.Object, java.lang.Object, java.lang.Object, java.lang.Object, java.lang.Object, java.lang.Object, java.lang.Object, java.lang.Object, java.lang.Object, java.lang.Object, java.lang.Object, java.lang.Object)'> (0x0000000
Event: 12.428 Thread 0x00007f82b800afe0 Exception <a 'java/lang/NoSuchMethodError'{0x00000000ec2f64b8}: 'java.lang.Object java.lang.invoke.DelegatingMethodHandle$Holder.reinvoke_L(java.lang.Object, java.lang.Object, java.lang.Object, java.lang.Object, java.lang.Object, java.lang.Object, java.lang.Object, java.lang.Object, java.lang.Object, java.lang.Object, java.lang.Object, java.lang.Object, java.lang.Object, java.lang.Object, java.lang.Object, java.lang.Object, java.lang.Object, java.lang.Object, java.lang.Object)'> (0x00000000ec2f64b8) 
throw
Event: 12.495 Thread 0x00007f82b800afe0 Exception <a 'java/lang/NoSuchMethodError'{0x00000000ebfcd6a0}: 'java.lang.Object java.lang.invoke.DirectMethodHandle$Holder.newInvokeSpecial(java.lang.Object, java.lang.Object, java.lang.Object, int, java.lang.Object)'> (0x00000000ebfcd6a0) 
thrown [./src/hotspot/share/interpreter/linkResolver.cpp, line 772]
Event: 12.496 Thread 0x00007f82b800afe0 Exception <a 'java/lang/NoSuchMethodError'{0x00000000ebfd2180}: 'java.lang.Object java.lang.invoke.Invokers$Holder.linkToTargetMethod(java.lang.Object, java.lang.Object, int, java.lang.Object, java.lang.Object)'> (0x00000000ebfd2180) 
thrown [./src/hotspot/share/interpreter/linkResolver.cpp, line 772]
Event: 12.540 Thread 0x00007f82b800afe0 Exception <a 'java/lang/NoSuchMethodError'{0x00000000ebc2a190}: 'java.lang.Object java.lang.invoke.DirectMethodHandle$Holder.newInvokeSpecial(java.lang.Object, int, java.lang.Object)'> (0x00000000ebc2a190) 
thrown [./src/hotspot/share/interpreter/linkResolver.cpp, line 772]
Event: 12.574 Thread 0x00007f82b800afe0 Exception <a 'java/lang/NoSuchMethodError'{0x00000000eba0f7c0}: 'java.lang.Object java.lang.invoke.DirectMethodHandle$Holder.invokeSpecial(java.lang.Object, java.lang.Object, long, int)'> (0x00000000eba0f7c0) 
thrown [./src/hotspot/share/interpreter/linkResolver.cpp, line 772]
Event: 12.754 Thread 0x00007f82b800afe0 Exception <a 'java/lang/NoSuchMethodError'{0x00000000eb1d1e10}: 'int java.lang.invoke.DirectMethodHandle$Holder.invokeSpecialIFC(java.lang.Object, java.lang.Object, java.lang.Object)'> (0x00000000eb1d1e10) 
thrown [./src/hotspot/share/interpreter/linkResolver.cpp, line 772]

ZGC Phase Switch (0 events):
No events

VM Operations (20 events):
Event: 10.972 Executing safepoint VM operation: ICBufferFull
Event: 10.972 Executing safepoint VM operation: ICBufferFull done
Event: 11.120 Executing safepoint VM operation: G1CollectForAllocation (G1 Evacuation Pause)
Event: 11.147 Executing safepoint VM operation: G1CollectForAllocation (G1 Evacuation Pause) done
Event: 11.533 Executing non-safepoint VM operation: HandshakeAllThreads (Deoptimize)
Event: 11.533 Executing non-safepoint VM operation: HandshakeAllThreads (Deoptimize) done
Event: 11.719 Executing safepoint VM operation: ICBufferFull
Event: 11.719 Executing safepoint VM operation: ICBufferFull done
Event: 11.919 Executing non-safepoint VM operation: HandshakeAllThreads (Deoptimize)
Event: 11.919 Executing non-safepoint VM operation: HandshakeAllThreads (Deoptimize) done
Event: 11.922 Executing non-safepoint VM operation: HandshakeAllThreads (Deoptimize)
Event: 11.922 Executing non-safepoint VM operation: HandshakeAllThreads (Deoptimize) done
Event: 12.224 Executing non-safepoint VM operation: HandshakeAllThreads (Deoptimize)
Event: 12.224 Executing non-safepoint VM operation: HandshakeAllThreads (Deoptimize) done
Event: 12.278 Executing safepoint VM operation: ICBufferFull
Event: 12.278 Executing safepoint VM operation: ICBufferFull done
Event: 12.784 Executing safepoint VM operation: CollectForMetadataAllocation (Metadata GC Threshold)
Event: 12.818 Executing safepoint VM operation: CollectForMetadataAllocation (Metadata GC Threshold) done
Event: 12.894 Executing safepoint VM operation: CollectForMetadataAllocation (Metadata GC Threshold)
Event: 12.894 Executing safepoint VM operation: CollectForMetadataAllocation (Metadata GC Threshold) done

Memory protections (20 events):
Event: 2.594 Protecting memory [0x00007f8302900000,0x00007f8302904000] with protection modes 0
Event: 2.601 Protecting memory [0x00007f8302800000,0x00007f8302804000] with protection modes 0
Event: 2.693 Protecting memory [0x00007f8302700000,0x00007f8302704000] with protection modes 0
Event: 3.192 Protecting memory [0x00007f8302600000,0x00007f8302604000] with protection modes 0
Event: 3.896 Protecting memory [0x00007f83021fd000,0x00007f8302201000] with protection modes 0
Event: 3.911 Protecting memory [0x00007f83020fd000,0x00007f8302101000] with protection modes 0
Event: 4.172 Protecting memory [0x00007f8301d95000,0x00007f8301d99000] with protection modes 0
Event: 4.181 Protecting memory [0x00007f8301c95000,0x00007f8301c99000] with protection modes 0
Event: 4.344 Protecting memory [0x00007f8301ffd000,0x00007f8302001000] with protection modes 0
Event: 4.344 Protecting memory [0x00007f8301efd000,0x00007f8301f01000] with protection modes 0
Event: 4.345 Protecting memory [0x00007f8301b95000,0x00007f8301b99000] with protection modes 0
Event: 5.004 Protecting memory [0x00007f8301a95000,0x00007f8301a99000] with protection modes 0
Event: 5.113 Protecting memory [0x00007f8301995000,0x00007f8301999000] with protection modes 0
Event: 5.497 Protecting memory [0x00007f8301895000,0x00007f8301899000] with protection modes 0
Event: 5.571 Protecting memory [0x00007f8301795000,0x00007f8301799000] with protection modes 0
Event: 6.913 Protecting memory [0x00007f8301695000,0x00007f8301699000] with protection modes 0
Event: 7.579 Protecting memory [0x00007f8301595000,0x00007f8301599000] with protection modes 0
Event: 9.219 Protecting memory [0x00007f8301495000,0x00007f8301499000] with protection modes 0
Event: 9.583 Protecting memory [0x00007f8301395000,0x00007f8301399000] with protection modes 0
Event: 9.920 Protecting memory [0x00007f8301295000,0x00007f8301299000] with protection modes 0

Nmethod flushes (20 events):
Event: 5.785 Thread 0x00007f835017d2f0 flushing  nmethod 0x00007f833890cf90
Event: 5.785 Thread 0x00007f835017d2f0 flushing  nmethod 0x00007f833890d390
Event: 5.785 Thread 0x00007f835017d2f0 flushing  nmethod 0x00007f833890e010
Event: 5.785 Thread 0x00007f835017d2f0 flushing  nmethod 0x00007f833890e690
Event: 5.785 Thread 0x00007f835017d2f0 flushing  nmethod 0x00007f833890ef10
Event: 5.785 Thread 0x00007f835017d2f0 flushing  nmethod 0x00007f8338923510
Event: 5.785 Thread 0x00007f835017d2f0 flushing  nmethod 0x00007f833892a910
Event: 5.785 Thread 0x00007f835017d2f0 flushing  nmethod 0x00007f8338953410
Event: 5.785 Thread 0x00007f835017d2f0 flushing  nmethod 0x00007f8338953910
Event: 5.785 Thread 0x00007f835017d2f0 flushing  nmethod 0x00007f8338954b10
Event: 5.785 Thread 0x00007f835017d2f0 flushing  nmethod 0x00007f8338975710
Event: 5.785 Thread 0x00007f835017d2f0 flushing  nmethod 0x00007f8338976790
Event: 5.785 Thread 0x00007f835017d2f0 flushing  nmethod 0x00007f8338977990
Event: 5.785 Thread 0x00007f835017d2f0 flushing  nmethod 0x00007f8338997990
Event: 5.785 Thread 0x00007f835017d2f0 flushing  nmethod 0x00007f8338abe510
Event: 5.785 Thread 0x00007f835017d2f0 flushing  nmethod 0x00007f8338ae5010
Event: 5.785 Thread 0x00007f835017d2f0 flushing  nmethod 0x00007f8338b2ab10
Event: 5.785 Thread 0x00007f835017d2f0 flushing  nmethod 0x00007f8338b2c390
Event: 5.785 Thread 0x00007f835017d2f0 flushing  nmethod 0x00007f8338b2e110
Event: 5.785 Thread 0x00007f835017d2f0 flushing  nmethod 0x00007f8338c07d90

Events (20 events):
Event: 2.594 Thread 0x00007f82b800afe0 Thread added: 0x00007f82a4214640
Event: 2.601 Thread 0x00007f82b800afe0 Thread added: 0x00007f82a421e300
Event: 2.693 Thread 0x00007f82b800afe0 Thread added: 0x00007f82a425b220
Event: 3.192 Thread 0x00007f835018f010 Thread added: 0x00007f82dc603590
Event: 3.896 Thread 0x00007f82b800afe0 Thread added: 0x00007f82a4cf6e40
Event: 3.911 Thread 0x00007f82b800afe0 Thread added: 0x00007f82a4d1ec10
Event: 4.172 Thread 0x00007f82b800afe0 Thread added: 0x00007f82a5249260
Event: 4.181 Thread 0x00007f82b800afe0 Thread added: 0x00007f82a5284760
Event: 4.344 Thread 0x00007f82b800afe0 Thread added: 0x00007f82a53cb620
Event: 4.344 Thread 0x00007f82b800afe0 Thread added: 0x00007f82a53cc300
Event: 4.345 Thread 0x00007f82b800afe0 Thread added: 0x00007f82a53cd7b0
Event: 5.004 Thread 0x00007f82b800afe0 Thread added: 0x00007f82a55fe730
Event: 5.113 Thread 0x00007f82b800afe0 Thread added: 0x00007f82a565dce0
Event: 5.497 Thread 0x00007f82b800afe0 Thread added: 0x00007f82a4c92850
Event: 5.571 Thread 0x00007f82b800afe0 Thread added: 0x00007f82a43cb3f0
Event: 6.913 Thread 0x00007f82b800afe0 Thread added: 0x00007f82a4993b00
Event: 7.579 Thread 0x00007f82b800afe0 Thread added: 0x00007f82a48cd010
Event: 9.219 Thread 0x00007f82b800afe0 Thread added: 0x00007f82a4bd46f0
Event: 9.583 Thread 0x00007f82b800afe0 Thread added: 0x00007f82a567dd80
Event: 9.920 Thread 0x00007f82b800afe0 Thread added: 0x00007f82a567cd20


Dynamic libraries:
e0000000-efd00000 rw-p 00000000 00:00 0 
efd00000-eff00000 ---p 00000000 00:00 0 
eff00000-f0000000 rw-p 00000000 00:00 0 
f0000000-ffe00000 ---p 00000000 00:00 0 
ffe00000-fff0d000 rw-p 00cdb000 103:06 26378424                          /usr/lib/jvm/java-21-openjdk-amd64/lib/server/classes.jsa
fff0d000-100000000 rw-p 00000000 00:00 0 
5b029c350000-5b029c351000 r--p 00000000 103:06 26345778                  /usr/lib/jvm/java-21-openjdk-amd64/bin/java
5b029c351000-5b029c352000 r-xp 00001000 103:06 26345778                  /usr/lib/jvm/java-21-openjdk-amd64/bin/java
5b029c352000-5b029c353000 r--p 00002000 103:06 26345778                  /usr/lib/jvm/java-21-openjdk-amd64/bin/java
5b029c353000-5b029c354000 r--p 00002000 103:06 26345778                  /usr/lib/jvm/java-21-openjdk-amd64/bin/java
5b029c354000-5b029c355000 rw-p 00003000 103:06 26345778                  /usr/lib/jvm/java-21-openjdk-amd64/bin/java
5b02cba4b000-5b02cba93000 rw-p 00000000 00:00 0                          [heap]
7f823c000000-7f823c021000 rw-p 00000000 00:00 0 
7f823c021000-7f8240000000 ---p 00000000 00:00 0 
7f8244000000-7f8244021000 rw-p 00000000 00:00 0 
7f8244021000-7f8248000000 ---p 00000000 00:00 0 
7f8248000000-7f8248021000 rw-p 00000000 00:00 0 
7f8248021000-7f824c000000 ---p 00000000 00:00 0 
7f824c000000-7f824c067000 rw-p 00000000 00:00 0 
7f824c067000-7f8250000000 ---p 00000000 00:00 0 
7f8250000000-7f8250021000 rw-p 00000000 00:00 0 
7f8250021000-7f8254000000 ---p 00000000 00:00 0 
7f8254000000-7f8254021000 rw-p 00000000 00:00 0 
7f8254021000-7f8258000000 ---p 00000000 00:00 0 
7f8258000000-7f8258021000 rw-p 00000000 00:00 0 
7f8258021000-7f825c000000 ---p 00000000 00:00 0 
7f825c000000-7f825c021000 rw-p 00000000 00:00 0 
7f825c021000-7f8260000000 ---p 00000000 00:00 0 
7f8260000000-7f8260021000 rw-p 00000000 00:00 0 
7f8260021000-7f8264000000 ---p 00000000 00:00 0 
7f8264000000-7f8264021000 rw-p 00000000 00:00 0 
7f8264021000-7f8268000000 ---p 00000000 00:00 0 
7f8268000000-7f8268021000 rw-p 00000000 00:00 0 
7f8268021000-7f826c000000 ---p 00000000 00:00 0 
7f826c000000-7f826c021000 rw-p 00000000 00:00 0 
7f826c021000-7f8270000000 ---p 00000000 00:00 0 
7f8270000000-7f8270021000 rw-p 00000000 00:00 0 
7f8270021000-7f8274000000 ---p 00000000 00:00 0 
7f8274000000-7f8274021000 rw-p 00000000 00:00 0 
7f8274021000-7f8278000000 ---p 00000000 00:00 0 
7f8278000000-7f8278021000 rw-p 00000000 00:00 0 
7f8278021000-7f827c000000 ---p 00000000 00:00 0 
7f827c000000-7f827c1af000 rw-p 00000000 00:00 0 
7f827c1af000-7f8280000000 ---p 00000000 00:00 0 
7f8280000000-7f8280021000 rw-p 00000000 00:00 0 
7f8280021000-7f8284000000 ---p 00000000 00:00 0 
7f8284000000-7f8284021000 rw-p 00000000 00:00 0 
7f8284021000-7f8288000000 ---p 00000000 00:00 0 
7f8288000000-7f8288021000 rw-p 00000000 00:00 0 
7f8288021000-7f828c000000 ---p 00000000 00:00 0 
7f828c000000-7f828c021000 rw-p 00000000 00:00 0 
7f828c021000-7f8290000000 ---p 00000000 00:00 0 
7f8290000000-7f8291476000 rw-p 00000000 00:00 0 
7f8291476000-7f8294000000 ---p 00000000 00:00 0 
7f8294000000-7f8294021000 rw-p 00000000 00:00 0 
7f8294021000-7f8298000000 ---p 00000000 00:00 0 
7f8298000000-7f8298021000 rw-p 00000000 00:00 0 
7f8298021000-7f829c000000 ---p 00000000 00:00 0 
7f829c000000-7f829c021000 rw-p 00000000 00:00 0 
7f829c021000-7f82a0000000 ---p 00000000 00:00 0 
7f82a0000000-7f82a0039000 rw-p 00000000 00:00 0 
7f82a0039000-7f82a4000000 ---p 00000000 00:00 0 
7f82a4000000-7f82a5ba1000 rw-p 00000000 00:00 0 
7f82a5ba1000-7f82a8000000 ---p 00000000 00:00 0 
7f82a8000000-7f82a8021000 rw-p 00000000 00:00 0 
7f82a8021000-7f82ac000000 ---p 00000000 00:00 0 
7f82ac000000-7f82ac04a000 rw-p 00000000 00:00 0 
7f82ac04a000-7f82b0000000 ---p 00000000 00:00 0 
7f82b0000000-7f82b0021000 rw-p 00000000 00:00 0 
7f82b0021000-7f82b4000000 ---p 00000000 00:00 0 
7f82b4000000-7f82b4021000 rw-p 00000000 00:00 0 
7f82b4021000-7f82b8000000 ---p 00000000 00:00 0 
7f82b8000000-7f82b8021000 rw-p 00000000 00:00 0 
7f82b8021000-7f82bc000000 ---p 00000000 00:00 0 
7f82bc000000-7f82bc021000 rw-p 00000000 00:00 0 
7f82bc021000-7f82c0000000 ---p 00000000 00:00 0 
7f82c0000000-7f82c0053000 rw-p 00000000 00:00 0 
7f82c0053000-7f82c4000000 ---p 00000000 00:00 0 
7f82c4000000-7f82c4021000 rw-p 00000000 00:00 0 
7f82c4021000-7f82c8000000 ---p 00000000 00:00 0 
7f82c8000000-7f82c8021000 rw-p 00000000 00:00 0 
7f82c8021000-7f82cc000000 ---p 00000000 00:00 0 
7f82cc000000-7f82cc021000 rw-p 00000000 00:00 0 
7f82cc021000-7f82d0000000 ---p 00000000 00:00 0 
7f82d0000000-7f82d0021000 rw-p 00000000 00:00 0 
7f82d0021000-7f82d4000000 ---p 00000000 00:00 0 
7f82d4000000-7f82d4021000 rw-p 00000000 00:00 0 
7f82d4021000-7f82d8000000 ---p 00000000 00:00 0 
7f82d8000000-7f82d8021000 rw-p 00000000 00:00 0 
7f82d8021000-7f82dc000000 ---p 00000000 00:00 0 
7f82dc000000-7f82dcc75000 rw-p 00000000 00:00 0 
7f82dcc75000-7f82e0000000 ---p 00000000 00:00 0 
7f82e0000000-7f82e0021000 rw-p 00000000 00:00 0 
7f82e0021000-7f82e4000000 ---p 00000000 00:00 0 
7f82e4000000-7f82e4021000 rw-p 00000000 00:00 0 
7f82e4021000-7f82e8000000 ---p 00000000 00:00 0 
7f82e8000000-7f82e9c19000 rw-p 00000000 00:00 0 
7f82e9c19000-7f82ec000000 ---p 00000000 00:00 0 
7f82ec000000-7f82ec021000 rw-p 00000000 00:00 0 
7f82ec021000-7f82f0000000 ---p 00000000 00:00 0 
7f82f0000000-7f82f0021000 rw-p 00000000 00:00 0 
7f82f0021000-7f82f4000000 ---p 00000000 00:00 0 
7f82f4000000-7f82f4021000 rw-p 00000000 00:00 0 
7f82f4021000-7f82f8000000 ---p 00000000 00:00 0 
7f82f8000000-7f82f8021000 rw-p 00000000 00:00 0 
7f82f8021000-7f82fc000000 ---p 00000000 00:00 0 
7f82fc000000-7f82fc021000 rw-p 00000000 00:00 0 
7f82fc021000-7f8300000000 ---p 00000000 00:00 0 
7f8300fb1000-7f8301295000 rw-p 00000000 00:00 0 
7f8301295000-7f8301299000 ---p 00000000 00:00 0 
7f8301299000-7f8301395000 rw-p 00000000 00:00 0 
7f8301395000-7f8301399000 ---p 00000000 00:00 0 
7f8301399000-7f8301495000 rw-p 00000000 00:00 0 
7f8301495000-7f8301499000 ---p 00000000 00:00 0 
7f8301499000-7f8301595000 rw-p 00000000 00:00 0 
7f8301595000-7f8301599000 ---p 00000000 00:00 0 
7f8301599000-7f8301695000 rw-p 00000000 00:00 0 
7f8301695000-7f8301699000 ---p 00000000 00:00 0 
7f8301699000-7f8301795000 rw-p 00000000 00:00 0 
7f8301795000-7f8301799000 ---p 00000000 00:00 0 
7f8301799000-7f8301895000 rw-p 00000000 00:00 0 
7f8301895000-7f8301899000 ---p 00000000 00:00 0 
7f8301899000-7f8301995000 rw-p 00000000 00:00 0 
7f8301995000-7f8301999000 ---p 00000000 00:00 0 
7f8301999000-7f8301a95000 rw-p 00000000 00:00 0 
7f8301a95000-7f8301a99000 ---p 00000000 00:00 0 
7f8301a99000-7f8301b95000 rw-p 00000000 00:00 0 
7f8301b95000-7f8301b99000 ---p 00000000 00:00 0 
7f8301b99000-7f8301c95000 rw-p 00000000 00:00 0 
7f8301c95000-7f8301c99000 ---p 00000000 00:00 0 
7f8301c99000-7f8301d95000 rw-p 00000000 00:00 0 
7f8301d95000-7f8301d99000 ---p 00000000 00:00 0 
7f8301d99000-7f8301e95000 rw-p 00000000 00:00 0 
7f8301efd000-7f8301f01000 ---p 00000000 00:00 0 
7f8301f01000-7f8301ffd000 rw-p 00000000 00:00 0 
7f8301ffd000-7f8302001000 ---p 00000000 00:00 0 
7f8302001000-7f83020fd000 rw-p 00000000 00:00 0 
7f83020fd000-7f8302101000 ---p 00000000 00:00 0 
7f8302101000-7f83021fd000 rw-p 00000000 00:00 0 
7f83021fd000-7f8302201000 ---p 00000000 00:00 0 
7f8302201000-7f83022fd000 rw-p 00000000 00:00 0 
7f83022fd000-7f83022fe000 ---p 00000000 00:00 0 
7f83022fe000-7f83023fe000 rw-p 00000000 00:00 0 
7f83023fe000-7f83023ff000 ---p 00000000 00:00 0 
7f83023ff000-7f83024ff000 rw-p 00000000 00:00 0 
7f83024ff000-7f8302500000 ---p 00000000 00:00 0 
7f8302500000-7f8302600000 rw-p 00000000 00:00 0 
7f8302600000-7f8302604000 ---p 00000000 00:00 0 
7f8302604000-7f8302700000 rw-p 00000000 00:00 0 
7f8302700000-7f8302704000 ---p 00000000 00:00 0 
7f8302704000-7f8302800000 rw-p 00000000 00:00 0 
7f8302800000-7f8302804000 ---p 00000000 00:00 0 
7f8302804000-7f8302900000 rw-p 00000000 00:00 0 
7f8302900000-7f8302904000 ---p 00000000 00:00 0 
7f8302904000-7f8302a00000 rw-p 00000000 00:00 0 
7f8302a00000-7f8302a04000 ---p 00000000 00:00 0 
7f8302a04000-7f8302b00000 rw-p 00000000 00:00 0 
7f8302b00000-7f8302b04000 ---p 00000000 00:00 0 
7f8302b04000-7f8302c00000 rw-p 00000000 00:00 0 
7f8302c00000-7f8302c04000 ---p 00000000 00:00 0 
7f8302c04000-7f8302d00000 rw-p 00000000 00:00 0 
7f8302d00000-7f8302d04000 ---p 00000000 00:00 0 
7f8302d04000-7f8302e00000 rw-p 00000000 00:00 0 
7f8302e00000-7f8302e04000 ---p 00000000 00:00 0 
7f8302e04000-7f8302f00000 rw-p 00000000 00:00 0 
7f8302f00000-7f8302f04000 ---p 00000000 00:00 0 
7f8302f04000-7f8303000000 rw-p 00000000 00:00 0 
7f8303000000-7f8303400000 rw-p 00000000 00:00 0 
7f8303400000-7f8303900000 rw-p 00000000 00:00 0 
7f8303900000-7f8303a00000 rw-p 00000000 00:00 0 
7f8303a00000-7f8303c00000 rw-p 00000000 00:00 0 
7f8303c00000-7f83046e0000 rw-p 00000000 00:00 0 
7f83046e0000-7f8304700000 rw-p 00000000 00:00 0 
7f8304700000-7f8304900000 rw-p 00000000 00:00 0 
7f8304900000-7f8304a00000 rw-p 00000000 00:00 0 
7f8304a00000-7f8305580000 rw-p 00000000 00:00 0 
7f8305580000-7f8305600000 rw-p 00000000 00:00 0 
7f8305600000-7f8305900000 rw-p 00000000 00:00 0 
7f8305900000-7f83059a0000 rw-p 00000000 00:00 0 
7f83059a0000-7f8305a00000 ---p 00000000 00:00 0 
7f8305a00000-7f8306370000 rw-p 00000000 00:00 0 
7f8306370000-7f8307000000 ---p 00000000 00:00 0 
7f8307000000-7f8307c9c000 rw-p 00001000 103:06 26378424                  /usr/lib/jvm/java-21-openjdk-amd64/lib/server/classes.jsa
7f8307c9c000-7f8308000000 ---p 00000000 00:00 0 
7f8308000000-7f8308040000 rw-p 00000000 00:00 0 
7f8308040000-7f8308080000 rw-p 00000000 00:00 0 
7f8308080000-7f8308140000 rw-p 00000000 00:00 0 
7f8308140000-7f8308180000 rw-p 00000000 00:00 0 
7f8308180000-7f83082c0000 rw-p 00000000 00:00 0 
7f83082c0000-7f8308300000 rw-p 00000000 00:00 0 
7f8308300000-7f83086c0000 rw-p 00000000 00:00 0 
7f83086c0000-7f83086e0000 rw-p 00000000 00:00 0 
7f83086e0000-7f8308700000 ---p 00000000 00:00 0 
7f8308700000-7f8308980000 rw-p 00000000 00:00 0 
7f8308980000-7f831c000000 ---p 00000000 00:00 0 
7f831c000000-7f831c021000 rw-p 00000000 00:00 0 
7f831c021000-7f8320000000 ---p 00000000 00:00 0 
7f8320000000-7f8320021000 rw-p 00000000 00:00 0 
7f8320021000-7f8324000000 ---p 00000000 00:00 0 
7f8324000000-7f8324021000 rw-p 00000000 00:00 0 
7f8324021000-7f8328000000 ---p 00000000 00:00 0 
7f83280fb000-7f83280ff000 ---p 00000000 00:00 0 
7f83280ff000-7f83281fb000 rw-p 00000000 00:00 0 
7f83281fb000-7f83281ff000 ---p 00000000 00:00 0 
7f83281ff000-7f83282fb000 rw-p 00000000 00:00 0 
7f83282fb000-7f83282ff000 ---p 00000000 00:00 0 
7f83282ff000-7f83283fb000 rw-p 00000000 00:00 0 
7f83283fb000-7f83283ff000 ---p 00000000 00:00 0 
7f83283ff000-7f83284fb000 rw-p 00000000 00:00 0 
7f83284fb000-7f83284fc000 ---p 00000000 00:00 0 
7f83284fc000-7f83285fc000 rw-p 00000000 00:00 0 
7f83285fc000-7f83285fd000 ---p 00000000 00:00 0 
7f83285fd000-7f83286fd000 rw-p 00000000 00:00 0 
7f83286fd000-7f83286fe000 ---p 00000000 00:00 0 
7f83286fe000-7f83287fe000 rw-p 00000000 00:00 0 
7f83287fe000-7f83287ff000 ---p 00000000 00:00 0 
7f83287ff000-7f83288ff000 rw-p 00000000 00:00 0 
7f83288ff000-7f8328900000 ---p 00000000 00:00 0 
7f8328900000-7f8328a00000 rw-p 00000000 00:00 0 
7f8328a00000-7f8328a05000 r-xp 00000000 103:06 2380501                   /home/vanille/.gradle/native/660c5614fbf4a5f2a75b1949f50a0caf5cd603558e7d8a26e50b933a0cfb79d1/linux-amd64/libnative-platform.so
7f8328a05000-7f8328c05000 ---p 00005000 103:06 2380501                   /home/vanille/.gradle/native/660c5614fbf4a5f2a75b1949f50a0caf5cd603558e7d8a26e50b933a0cfb79d1/linux-amd64/libnative-platform.so
7f8328c05000-7f8328c06000 r--p 00005000 103:06 2380501                   /home/vanille/.gradle/native/660c5614fbf4a5f2a75b1949f50a0caf5cd603558e7d8a26e50b933a0cfb79d1/linux-amd64/libnative-platform.so
7f8328c06000-7f8328c07000 rw-p 00006000 103:06 2380501                   /home/vanille/.gradle/native/660c5614fbf4a5f2a75b1949f50a0caf5cd603558e7d8a26e50b933a0cfb79d1/linux-amd64/libnative-platform.so
7f8328d00000-7f8328d04000 ---p 00000000 00:00 0 
7f8328d04000-7f8328e00000 rw-p 00000000 00:00 0 
7f8328e00000-7f8328e04000 ---p 00000000 00:00 0 
7f8328e04000-7f8328f00000 rw-p 00000000 00:00 0 
7f8328f00000-7f8328f04000 ---p 00000000 00:00 0 
7f8328f04000-7f8329000000 rw-p 00000000 00:00 0 
7f8329000000-7f8329004000 ---p 00000000 00:00 0 
7f8329004000-7f8329100000 rw-p 00000000 00:00 0 
7f8329100000-7f8329104000 ---p 00000000 00:00 0 
7f8329104000-7f8329200000 rw-p 00000000 00:00 0 
7f8329200000-7f8329204000 ---p 00000000 00:00 0 
7f8329204000-7f8329300000 rw-p 00000000 00:00 0 
7f8329300000-7f8329304000 ---p 00000000 00:00 0 
7f8329304000-7f8329400000 rw-p 00000000 00:00 0 
7f8329400000-7f8329404000 ---p 00000000 00:00 0 
7f8329404000-7f8329500000 rw-p 00000000 00:00 0 
7f8329500000-7f8329504000 ---p 00000000 00:00 0 
7f8329504000-7f8329600000 rw-p 00000000 00:00 0 
7f8329600000-7f8329b75000 r--p 00000000 103:06 25952644                  /usr/lib/locale/locale-archive
7f8329bfc000-7f8329bfd000 ---p 00000000 00:00 0 
7f8329bfd000-7f8329cfd000 rw-p 00000000 00:00 0 
7f8329cfd000-7f8329cfe000 ---p 00000000 00:00 0 
7f8329cfe000-7f8329dfe000 rw-p 00000000 00:00 0 
7f8329dfe000-7f8329dff000 ---p 00000000 00:00 0 
7f8329dff000-7f8329eff000 rw-p 00000000 00:00 0 
7f8329eff000-7f8329f00000 ---p 00000000 00:00 0 
7f8329f00000-7f832a000000 rw-p 00000000 00:00 0 
7f832a000000-7f832c021000 rw-p 00000000 00:00 0 
7f832c021000-7f8330000000 ---p 00000000 00:00 0 
7f8330000000-7f8330021000 rw-p 00000000 00:00 0 
7f8330021000-7f8334000000 ---p 00000000 00:00 0 
7f8334000000-7f8334021000 rw-p 00000000 00:00 0 
7f8334021000-7f8338000000 ---p 00000000 00:00 0 
7f83380f9000-7f8338800000 rw-p 00000000 00:00 0 
7f8338800000-7f8339630000 rwxp 00000000 00:00 0 
7f8339630000-7f833fd37000 ---p 00000000 00:00 0 
7f833fd37000-7f833ffa7000 rwxp 00000000 00:00 0 
7f833ffa7000-7f83402c9000 ---p 00000000 00:00 0 
7f83402c9000-7f8340759000 rwxp 00000000 00:00 0 
7f8340759000-7f8347800000 ---p 00000000 00:00 0 
7f8347800000-7f834fe51000 r--s 00000000 103:06 26378423                  /usr/lib/jvm/java-21-openjdk-amd64/lib/modules
7f834fe6f000-7f834feab000 r--p 00000000 103:06 2380542                   /home/vanille/.gradle/native/0.2.8/x86_64-linux-gnu/libgradle-fileevents.so
7f834feab000-7f834fef3000 r-xp 0003b000 103:06 2380542                   /home/vanille/.gradle/native/0.2.8/x86_64-linux-gnu/libgradle-fileevents.so
7f834fef3000-7f834fefc000 r--p 00082000 103:06 2380542                   /home/vanille/.gradle/native/0.2.8/x86_64-linux-gnu/libgradle-fileevents.so
7f834fefc000-7f834fefd000 rw-p 0008a000 103:06 2380542                   /home/vanille/.gradle/native/0.2.8/x86_64-linux-gnu/libgradle-fileevents.so
7f834fefd000-7f8351b59000 rw-p 00000000 00:00 0 
7f8351b59000-7f8354000000 ---p 00000000 00:00 0 
7f835402c000-7f8354031000 r--p 00000000 103:06 26378407                  /usr/lib/jvm/java-21-openjdk-amd64/lib/libjsvml.so
7f8354031000-7f8354072000 r-xp 00005000 103:06 26378407                  /usr/lib/jvm/java-21-openjdk-amd64/lib/libjsvml.so
7f8354072000-7f83540fb000 r--p 00046000 103:06 26378407                  /usr/lib/jvm/java-21-openjdk-amd64/lib/libjsvml.so
7f83540fb000-7f83540fc000 r--p 000ce000 103:06 26378407                  /usr/lib/jvm/java-21-openjdk-amd64/lib/libjsvml.so
7f83540fc000-7f83540fd000 rw-p 000cf000 103:06 26378407                  /usr/lib/jvm/java-21-openjdk-amd64/lib/libjsvml.so
7f83540fd000-7f83540fe000 ---p 00000000 00:00 0 
7f83540fe000-7f83541fe000 rw-p 00000000 00:00 0 
7f83541fe000-7f83541ff000 ---p 00000000 00:00 0 
7f83541ff000-7f83542ff000 rw-p 00000000 00:00 0 
7f83542ff000-7f8354300000 ---p 00000000 00:00 0 
7f8354300000-7f8354400000 rw-p 00000000 00:00 0 
7f8354400000-7f83547f4000 rw-p 00000000 00:00 0 
7f83547f4000-7f83547fc000 ---p 00000000 00:00 0 
7f83547fc000-7f8354800000 rw-p 00000000 00:00 0 
7f8354800000-7f8354bf8000 ---p 00000000 00:00 0 
7f8354bf8000-7f8354c00000 rw-p 00000000 00:00 0 
7f8354c13000-7f8354c1a000 r--s 00000000 103:06 25993737                  /usr/lib/x86_64-linux-gnu/gconv/gconv-modules.cache
7f8354c1a000-7f8354c1c000 r--p 00000000 103:06 26378412                  /usr/lib/jvm/java-21-openjdk-amd64/lib/libmanagement_ext.so
7f8354c1c000-7f8354c1f000 r-xp 00002000 103:06 26378412                  /usr/lib/jvm/java-21-openjdk-amd64/lib/libmanagement_ext.so
7f8354c1f000-7f8354c20000 r--p 00005000 103:06 26378412                  /usr/lib/jvm/java-21-openjdk-amd64/lib/libmanagement_ext.so
7f8354c20000-7f8354c21000 r--p 00006000 103:06 26378412                  /usr/lib/jvm/java-21-openjdk-amd64/lib/libmanagement_ext.so
7f8354c21000-7f8354c22000 rw-p 00007000 103:06 26378412                  /usr/lib/jvm/java-21-openjdk-amd64/lib/libmanagement_ext.so
7f8354c22000-7f8354ca2000 rw-p 00000000 00:00 0 
7f8354ca2000-7f8354d21000 ---p 00000000 00:00 0 
7f8354d21000-7f8354da2000 rw-p 00000000 00:00 0 
7f8354da2000-7f8354e21000 ---p 00000000 00:00 0 
7f8354e21000-7f8355634000 rw-p 00000000 00:00 0 
7f8355634000-7f8355715000 ---p 00000000 00:00 0 
7f8355715000-7f8355732000 rw-p 00000000 00:00 0 
7f8355732000-7f8355800000 ---p 00000000 00:00 0 
7f8355800000-7f835589d000 r--p 00000000 103:06 25961929                  /usr/lib/x86_64-linux-gnu/libstdc++.so.6.0.33
7f835589d000-7f83559e5000 r-xp 0009d000 103:06 25961929                  /usr/lib/x86_64-linux-gnu/libstdc++.so.6.0.33
7f83559e5000-7f8355a6c000 r--p 001e5000 103:06 25961929                  /usr/lib/x86_64-linux-gnu/libstdc++.so.6.0.33
7f8355a6c000-7f8355a77000 r--p 0026b000 103:06 25961929                  /usr/lib/x86_64-linux-gnu/libstdc++.so.6.0.33
7f8355a77000-7f8355a7a000 rw-p 00276000 103:06 25961929                  /usr/lib/x86_64-linux-gnu/libstdc++.so.6.0.33
7f8355a7a000-7f8355a7e000 rw-p 00000000 00:00 0 
7f8355a7f000-7f8355b00000 rw-p 00000000 00:00 0 
7f8355b00000-7f8355b04000 ---p 00000000 00:00 0 
7f8355b04000-7f8355c00000 rw-p 00000000 00:00 0 
7f8355c00000-7f8355ea2000 r--p 00000000 103:06 26378427                  /usr/lib/jvm/java-21-openjdk-amd64/lib/server/libjvm.so
7f8355ea2000-7f8356d19000 r-xp 002a2000 103:06 26378427                  /usr/lib/jvm/java-21-openjdk-amd64/lib/server/libjvm.so
7f8356d19000-7f8356ff4000 r--p 01119000 103:06 26378427                  /usr/lib/jvm/java-21-openjdk-amd64/lib/server/libjvm.so
7f8356ff4000-7f83570c8000 r--p 013f3000 103:06 26378427                  /usr/lib/jvm/java-21-openjdk-amd64/lib/server/libjvm.so
7f83570c8000-7f83570f8000 rw-p 014c7000 103:06 26378427                  /usr/lib/jvm/java-21-openjdk-amd64/lib/server/libjvm.so
7f83570f8000-7f835715e000 rw-p 00000000 00:00 0 
7f8357160000-7f8357161000 r--p 00000000 103:06 26378384                  /usr/lib/jvm/java-21-openjdk-amd64/lib/libextnet.so
7f8357161000-7f8357162000 r-xp 00001000 103:06 26378384                  /usr/lib/jvm/java-21-openjdk-amd64/lib/libextnet.so
7f8357162000-7f8357163000 r--p 00002000 103:06 26378384                  /usr/lib/jvm/java-21-openjdk-amd64/lib/libextnet.so
7f8357163000-7f8357164000 r--p 00002000 103:06 26378384                  /usr/lib/jvm/java-21-openjdk-amd64/lib/libextnet.so
7f8357164000-7f8357165000 rw-p 00003000 103:06 26378384                  /usr/lib/jvm/java-21-openjdk-amd64/lib/libextnet.so
7f8357165000-7f8357167000 r--p 00000000 103:06 26378410                  /usr/lib/jvm/java-21-openjdk-amd64/lib/libmanagement.so
7f8357167000-7f8357168000 r-xp 00002000 103:06 26378410                  /usr/lib/jvm/java-21-openjdk-amd64/lib/libmanagement.so
7f8357168000-7f8357169000 r--p 00003000 103:06 26378410                  /usr/lib/jvm/java-21-openjdk-amd64/lib/libmanagement.so
7f8357169000-7f835716a000 r--p 00003000 103:06 26378410                  /usr/lib/jvm/java-21-openjdk-amd64/lib/libmanagement.so
7f835716a000-7f835716b000 rw-p 00004000 103:06 26378410                  /usr/lib/jvm/java-21-openjdk-amd64/lib/libmanagement.so
7f835716b000-7f835716c000 r--p 00000000 103:06 25993750                  /usr/lib/x86_64-linux-gnu/libdl.so.2
7f835716c000-7f835716d000 r-xp 00001000 103:06 25993750                  /usr/lib/x86_64-linux-gnu/libdl.so.2
7f835716d000-7f835716e000 r--p 00002000 103:06 25993750                  /usr/lib/x86_64-linux-gnu/libdl.so.2
7f835716e000-7f835716f000 r--p 00002000 103:06 25993750                  /usr/lib/x86_64-linux-gnu/libdl.so.2
7f835716f000-7f8357170000 rw-p 00003000 103:06 25993750                  /usr/lib/x86_64-linux-gnu/libdl.so.2
7f8357170000-7f8357174000 r--p 00000000 103:06 26378421                  /usr/lib/jvm/java-21-openjdk-amd64/lib/libverify.so
7f8357174000-7f835717b000 r-xp 00004000 103:06 26378421                  /usr/lib/jvm/java-21-openjdk-amd64/lib/libverify.so
7f835717b000-7f835717d000 r--p 0000b000 103:06 26378421                  /usr/lib/jvm/java-21-openjdk-amd64/lib/libverify.so
7f835717d000-7f835717f000 r--p 0000c000 103:06 26378421                  /usr/lib/jvm/java-21-openjdk-amd64/lib/libverify.so
7f835717f000-7f8357180000 rw-p 0000e000 103:06 26378421                  /usr/lib/jvm/java-21-openjdk-amd64/lib/libverify.so
7f8357180000-7f8357183000 r--p 00000000 103:06 26378414                  /usr/lib/jvm/java-21-openjdk-amd64/lib/libnet.so
7f8357183000-7f835718b000 r-xp 00003000 103:06 26378414                  /usr/lib/jvm/java-21-openjdk-amd64/lib/libnet.so
7f835718b000-7f835718d000 r--p 0000b000 103:06 26378414                  /usr/lib/jvm/java-21-openjdk-amd64/lib/libnet.so
7f835718d000-7f835718e000 r--p 0000c000 103:06 26378414                  /usr/lib/jvm/java-21-openjdk-amd64/lib/libnet.so
7f835718e000-7f835718f000 rw-p 0000d000 103:06 26378414                  /usr/lib/jvm/java-21-openjdk-amd64/lib/libnet.so
7f835718f000-7f8357196000 r--p 00000000 103:06 26378415                  /usr/lib/jvm/java-21-openjdk-amd64/lib/libnio.so
7f8357196000-7f835719f000 r-xp 00007000 103:06 26378415                  /usr/lib/jvm/java-21-openjdk-amd64/lib/libnio.so
7f835719f000-7f83571a3000 r--p 00010000 103:06 26378415                  /usr/lib/jvm/java-21-openjdk-amd64/lib/libnio.so
7f83571a3000-7f83571a4000 r--p 00014000 103:06 26378415                  /usr/lib/jvm/java-21-openjdk-amd64/lib/libnio.so
7f83571a4000-7f83571a5000 rw-p 00015000 103:06 26378415                  /usr/lib/jvm/java-21-openjdk-amd64/lib/libnio.so
7f83571a5000-7f8357200000 rw-p 00000000 00:00 0 
7f8357200000-7f8357228000 r--p 00000000 103:06 25993748                  /usr/lib/x86_64-linux-gnu/libc.so.6
7f8357228000-7f83573b0000 r-xp 00028000 103:06 25993748                  /usr/lib/x86_64-linux-gnu/libc.so.6
7f83573b0000-7f83573ff000 r--p 001b0000 103:06 25993748                  /usr/lib/x86_64-linux-gnu/libc.so.6
7f83573ff000-7f8357403000 r--p 001fe000 103:06 25993748                  /usr/lib/x86_64-linux-gnu/libc.so.6
7f8357403000-7f8357405000 rw-p 00202000 103:06 25993748                  /usr/lib/x86_64-linux-gnu/libc.so.6
7f8357405000-7f8357412000 rw-p 00000000 00:00 0 
7f8357414000-7f8357415000 r--p 00000000 103:06 25993760                  /usr/lib/x86_64-linux-gnu/libpthread.so.0
7f8357415000-7f8357416000 r-xp 00001000 103:06 25993760                  /usr/lib/x86_64-linux-gnu/libpthread.so.0
7f8357416000-7f8357417000 r--p 00002000 103:06 25993760                  /usr/lib/x86_64-linux-gnu/libpthread.so.0
7f8357417000-7f8357418000 r--p 00002000 103:06 25993760                  /usr/lib/x86_64-linux-gnu/libpthread.so.0
7f8357418000-7f8357419000 rw-p 00003000 103:06 25993760                  /usr/lib/x86_64-linux-gnu/libpthread.so.0
7f8357419000-7f835741b000 r--p 00000000 103:06 26378422                  /usr/lib/jvm/java-21-openjdk-amd64/lib/libzip.so
7f835741b000-7f8357420000 r-xp 00002000 103:06 26378422                  /usr/lib/jvm/java-21-openjdk-amd64/lib/libzip.so
7f8357420000-7f8357422000 r--p 00007000 103:06 26378422                  /usr/lib/jvm/java-21-openjdk-amd64/lib/libzip.so
7f8357422000-7f8357423000 r--p 00008000 103:06 26378422                  /usr/lib/jvm/java-21-openjdk-amd64/lib/libzip.so
7f8357423000-7f8357424000 rw-p 00009000 103:06 26378422                  /usr/lib/jvm/java-21-openjdk-amd64/lib/libzip.so
7f8357424000-7f835748c000 rw-p 00000000 00:00 0 
7f835748c000-7f8357493000 ---p 00000000 00:00 0 
7f8357493000-7f83574a0000 r--p 00000000 103:06 26378398                  /usr/lib/jvm/java-21-openjdk-amd64/lib/libjava.so
7f83574a0000-7f83574af000 r-xp 0000d000 103:06 26378398                  /usr/lib/jvm/java-21-openjdk-amd64/lib/libjava.so
7f83574af000-7f83574b4000 r--p 0001c000 103:06 26378398                  /usr/lib/jvm/java-21-openjdk-amd64/lib/libjava.so
7f83574b4000-7f83574b5000 r--p 00021000 103:06 26378398                  /usr/lib/jvm/java-21-openjdk-amd64/lib/libjava.so
7f83574b5000-7f83574b6000 rw-p 00022000 103:06 26378398                  /usr/lib/jvm/java-21-openjdk-amd64/lib/libjava.so
7f83574b6000-7f83574b7000 rw-p 00000000 00:00 0 
7f83574b7000-7f83574b9000 r--p 00000000 103:06 26378388                  /usr/lib/jvm/java-21-openjdk-amd64/lib/libinstrument.so
7f83574b9000-7f83574bf000 r-xp 00002000 103:06 26378388                  /usr/lib/jvm/java-21-openjdk-amd64/lib/libinstrument.so
7f83574bf000-7f83574c2000 r--p 00008000 103:06 26378388                  /usr/lib/jvm/java-21-openjdk-amd64/lib/libinstrument.so
7f83574c2000-7f83574c3000 r--p 0000a000 103:06 26378388                  /usr/lib/jvm/java-21-openjdk-amd64/lib/libinstrument.so
7f83574c3000-7f83574c4000 rw-p 0000b000 103:06 26378388                  /usr/lib/jvm/java-21-openjdk-amd64/lib/libinstrument.so
7f83574c4000-7f83574c8000 r--p 00000000 103:06 25963758                  /usr/lib/x86_64-linux-gnu/libgcc_s.so.1
7f83574c8000-7f83574ec000 r-xp 00004000 103:06 25963758                  /usr/lib/x86_64-linux-gnu/libgcc_s.so.1
7f83574ec000-7f83574f0000 r--p 00028000 103:06 25963758                  /usr/lib/x86_64-linux-gnu/libgcc_s.so.1
7f83574f0000-7f83574f1000 r--p 0002b000 103:06 25963758                  /usr/lib/x86_64-linux-gnu/libgcc_s.so.1
7f83574f1000-7f83574f2000 rw-p 0002c000 103:06 25963758                  /usr/lib/x86_64-linux-gnu/libgcc_s.so.1
7f83574f2000-7f8357502000 r--p 00000000 103:06 25993751                  /usr/lib/x86_64-linux-gnu/libm.so.6
7f8357502000-7f8357581000 r-xp 00010000 103:06 25993751                  /usr/lib/x86_64-linux-gnu/libm.so.6
7f8357581000-7f83575d9000 r--p 0008f000 103:06 25993751                  /usr/lib/x86_64-linux-gnu/libm.so.6
7f83575d9000-7f83575da000 r--p 000e7000 103:06 25993751                  /usr/lib/x86_64-linux-gnu/libm.so.6
7f83575da000-7f83575db000 rw-p 000e8000 103:06 25993751                  /usr/lib/x86_64-linux-gnu/libm.so.6
7f83575db000-7f83575dd000 rw-p 00000000 00:00 0 
7f83575dd000-7f83575df000 r--p 00000000 103:06 26378404                  /usr/lib/jvm/java-21-openjdk-amd64/lib/libjli.so
7f83575df000-7f83575e9000 r-xp 00002000 103:06 26378404                  /usr/lib/jvm/java-21-openjdk-amd64/lib/libjli.so
7f83575e9000-7f83575ec000 r--p 0000c000 103:06 26378404                  /usr/lib/jvm/java-21-openjdk-amd64/lib/libjli.so
7f83575ec000-7f83575ed000 r--p 0000f000 103:06 26378404                  /usr/lib/jvm/java-21-openjdk-amd64/lib/libjli.so
7f83575ed000-7f83575ee000 rw-p 00010000 103:06 26378404                  /usr/lib/jvm/java-21-openjdk-amd64/lib/libjli.so
7f83575ee000-7f83575f0000 r--p 00000000 103:06 25964388                  /usr/lib/x86_64-linux-gnu/libz.so.1.3
7f83575f0000-7f8357602000 r-xp 00002000 103:06 25964388                  /usr/lib/x86_64-linux-gnu/libz.so.1.3
7f8357602000-7f8357608000 r--p 00014000 103:06 25964388                  /usr/lib/x86_64-linux-gnu/libz.so.1.3
7f8357608000-7f8357609000 r--p 0001a000 103:06 25964388                  /usr/lib/x86_64-linux-gnu/libz.so.1.3
7f8357609000-7f835760a000 rw-p 0001b000 103:06 25964388                  /usr/lib/x86_64-linux-gnu/libz.so.1.3
7f835760d000-7f8357615000 rw-s 00000000 103:06 19137525                  /tmp/hsperfdata_vanille/35190
7f8357615000-7f8357616000 ---p 00000000 00:00 0 
7f8357616000-7f8357617000 r--p 00000000 00:00 0 
7f8357617000-7f8357618000 ---p 00000000 00:00 0 
7f8357618000-7f835761a000 r--p 00000000 103:06 26378403                  /usr/lib/jvm/java-21-openjdk-amd64/lib/libjimage.so
7f835761a000-7f835761d000 r-xp 00002000 103:06 26378403                  /usr/lib/jvm/java-21-openjdk-amd64/lib/libjimage.so
7f835761d000-7f835761e000 r--p 00005000 103:06 26378403                  /usr/lib/jvm/java-21-openjdk-amd64/lib/libjimage.so
7f835761e000-7f835761f000 r--p 00006000 103:06 26378403                  /usr/lib/jvm/java-21-openjdk-amd64/lib/libjimage.so
7f835761f000-7f8357620000 rw-p 00007000 103:06 26378403                  /usr/lib/jvm/java-21-openjdk-amd64/lib/libjimage.so
7f8357620000-7f8357622000 rw-p 00000000 00:00 0 
7f8357622000-7f8357626000 r--p 00000000 00:00 0                          [vvar]
7f8357626000-7f8357628000 r--p 00000000 00:00 0                          [vvar_vclock]
7f8357628000-7f835762a000 r-xp 00000000 00:00 0                          [vdso]
7f835762a000-7f835762b000 r--p 00000000 103:06 25993745                  /usr/lib/x86_64-linux-gnu/ld-linux-x86-64.so.2
7f835762b000-7f8357656000 r-xp 00001000 103:06 25993745                  /usr/lib/x86_64-linux-gnu/ld-linux-x86-64.so.2
7f8357656000-7f8357660000 r--p 0002c000 103:06 25993745                  /usr/lib/x86_64-linux-gnu/ld-linux-x86-64.so.2
7f8357660000-7f8357662000 r--p 00036000 103:06 25993745                  /usr/lib/x86_64-linux-gnu/ld-linux-x86-64.so.2
7f8357662000-7f8357664000 rw-p 00038000 103:06 25993745                  /usr/lib/x86_64-linux-gnu/ld-linux-x86-64.so.2
7ffc5f41e000-7ffc5f440000 rw-p 00000000 00:00 0                          [stack]
ffffffffff600000-ffffffffff601000 --xp 00000000 00:00 0                  [vsyscall]
Total number of mappings: 416

JVMTI agents:
/home/vanille/.gradle/wrapper/dists/gradle-9.5.1-bin/iq79hdu3mqx29lgffhp8bfmx/gradle-9.5.1/lib/agents/gradle-instrumentation-agent-9.5.1.jar path:none, loaded, initialized, instrumentlib options:none


VM Arguments:
jvm_args: --add-opens=java.base/java.lang=ALL-UNNAMED --add-opens=java.base/java.lang.invoke=ALL-UNNAMED --add-opens=java.base/java.util=ALL-UNNAMED --add-opens=java.prefs/java.util.prefs=ALL-UNNAMED --add-exports=jdk.compiler/com.sun.tools.javac.api=ALL-UNNAMED --add-exports=jdk.compiler/com.sun.tools.javac.util=ALL-UNNAMED --add-opens=java.base/java.nio.charset=ALL-UNNAMED --add-opens=java.base/java.net=ALL-UNNAMED --add-opens=java.base/java.util.concurrent=ALL-UNNAMED --add-opens=java.base/java.util.concurrent.atomic=ALL-UNNAMED --add-opens=java.xml/javax.xml.namespace=ALL-UNNAMED --add-opens=java.base/java.time=ALL-UNNAMED -XX:MaxMetaspaceSize=384m -XX:+HeapDumpOnOutOfMemoryError -Xms256m -Xmx512m -Dfile.encoding=UTF-8 -Duser.country=US -Duser.language=en -Duser.variant -javaagent:/home/vanille/.gradle/wrapper/dists/gradle-9.5.1-bin/iq79hdu3mqx29lgffhp8bfmx/gradle-9.5.1/lib/agents/gradle-instrumentation-agent-9.5.1.jar 
java_command: org.gradle.launcher.daemon.bootstrap.GradleDaemon 9.5.1
java_class_path (initial): /home/vanille/.gradle/wrapper/dists/gradle-9.5.1-bin/iq79hdu3mqx29lgffhp8bfmx/gradle-9.5.1/lib/gradle-daemon-main-9.5.1.jar
Launcher Type: SUN_STANDARD

[Global flags]
     intx CICompilerCount                          = 4                                         {product} {ergonomic}
   size_t CompressedClassSpaceSize                 = 335544320                                 {product} {ergonomic}
     uint ConcGCThreads                            = 2                                         {product} {ergonomic}
     uint G1ConcRefinementThreads                  = 8                                         {product} {ergonomic}
   size_t G1HeapRegionSize                         = 1048576                                   {product} {ergonomic}
    uintx GCDrainStackTargetSize                   = 64                                        {product} {ergonomic}
     bool HeapDumpOnOutOfMemoryError               = true                                   {manageable} {command line}
   size_t InitialHeapSize                          = 268435456                                 {product} {command line}
   size_t MarkStackSize                            = 4194304                                   {product} {ergonomic}
   size_t MaxHeapSize                              = 536870912                                 {product} {command line}
   size_t MaxMetaspaceSize                         = 402653184                                 {product} {command line}
   size_t MaxNewSize                               = 321912832                                 {product} {ergonomic}
   size_t MinHeapDeltaBytes                        = 1048576                                   {product} {ergonomic}
   size_t MinHeapSize                              = 268435456                                 {product} {command line}
    uintx NonNMethodCodeHeapSize                   = 5839372                                {pd product} {ergonomic}
    uintx NonProfiledCodeHeapSize                  = 122909434                              {pd product} {ergonomic}
    uintx ProfiledCodeHeapSize                     = 122909434                              {pd product} {ergonomic}
    uintx ReservedCodeCacheSize                    = 251658240                              {pd product} {ergonomic}
     bool SegmentedCodeCache                       = true                                      {product} {ergonomic}
   size_t SoftMaxHeapSize                          = 536870912                              {manageable} {ergonomic}
     bool UseCompressedOops                        = true                           {product lp64_product} {ergonomic}
     bool UseG1GC                                  = true                                      {product} {ergonomic}

Logging:
Log output configuration:
 #0: stdout all=warning uptime,level,tags foldmultilines=false
 #1: stderr all=off uptime,level,tags foldmultilines=false

Release file:
IMPLEMENTOR="Ubuntu"
JAVA_RUNTIME_VERSION="21.0.11+10-1-24.04.2-Ubuntu"
JAVA_VERSION="21.0.11"
JAVA_VERSION_DATE="2026-04-21"
LIBC="gnu"
MODULES="java.base java.compiler java.datatransfer java.xml java.prefs java.desktop java.instrument java.logging java.management java.security.sasl java.naming java.rmi java.management.rmi java.net.http java.scripting java.security.jgss java.transaction.xa java.sql java.sql.rowset java.xml.crypto java.se java.smartcardio jdk.accessibility jdk.internal.jvmstat jdk.attach jdk.charsets jdk.internal.opt jdk.zipfs jdk.compiler jdk.crypto.ec jdk.crypto.cryptoki jdk.dynalink jdk.internal.ed jdk.editpad jdk.hotspot.agent jdk.httpserver jdk.incubator.vector jdk.internal.le jdk.internal.vm.ci jdk.internal.vm.compiler jdk.internal.vm.compiler.management jdk.jartool jdk.javadoc jdk.jcmd jdk.management jdk.management.agent jdk.jconsole jdk.jdeps jdk.jdwp.agent jdk.jdi jdk.jfr jdk.jlink jdk.jpackage jdk.jshell jdk.jsobject jdk.jstatd jdk.localedata jdk.management.jfr jdk.naming.dns jdk.naming.rmi jdk.net jdk.nio.mapmode jdk.random jdk.sctp jdk.security.auth jdk.security.jgss jdk.unsupported jdk.unsupported.desktop jdk.xml.dom"
OS_ARCH="x86_64"
OS_NAME="Linux"
SOURCE=""

Environment Variables:
PATH=/opt/gradle/gradle-9.5.1/bin:/home/vanille/.nvm/versions/node/v22.22.3/bin:/usr/local/sbin:/usr/local/bin:/usr/sbin:/usr/bin:/sbin:/bin:/usr/games:/usr/local/games:/snap/bin:/snap/bin
USERNAME=vanille
SHELL=/bin/bash
DISPLAY=:0
WAYLAND_DISPLAY=wayland-0
LANG=en_US.UTF-8

Active Locale:
LC_ALL=en_US.UTF-8
LC_COLLATE=en_US.UTF-8
LC_CTYPE=en_US.UTF-8
LC_MESSAGES=en_US.UTF-8
LC_MONETARY=en_US.UTF-8
LC_NUMERIC=en_US.UTF-8
LC_TIME=en_US.UTF-8

Signal Handlers:
   SIGSEGV: crash_handler in libjvm.so, mask=11100100010111111101111111111110, flags=SA_RESTART|SA_SIGINFO, unblocked
    SIGBUS: crash_handler in libjvm.so, mask=11100100010111111101111111111110, flags=SA_RESTART|SA_SIGINFO, unblocked
    SIGFPE: crash_handler in libjvm.so, mask=11100100010111111101111111111110, flags=SA_RESTART|SA_SIGINFO, unblocked
   SIGPIPE: javaSignalHandler in libjvm.so, mask=11100100010111111101111111111110, flags=SA_RESTART|SA_SIGINFO, blocked
   SIGXFSZ: javaSignalHandler in libjvm.so, mask=11100100010111111101111111111110, flags=SA_RESTART|SA_SIGINFO, blocked
    SIGILL: crash_handler in libjvm.so, mask=11100100010111111101111111111110, flags=SA_RESTART|SA_SIGINFO, unblocked
   SIGUSR2: SR_handler in libjvm.so, mask=00000000000000000000000000000000, flags=SA_RESTART|SA_SIGINFO, blocked
    SIGHUP: UserHandler in libjvm.so, mask=11100100010111111101111111111110, flags=SA_RESTART|SA_SIGINFO, blocked
    SIGINT: UserHandler in libjvm.so, mask=11100100010111111101111111111110, flags=SA_RESTART|SA_SIGINFO, blocked
   SIGTERM: UserHandler in libjvm.so, mask=11100100010111111101111111111110, flags=SA_RESTART|SA_SIGINFO, blocked
   SIGQUIT: UserHandler in libjvm.so, mask=11100100010111111101111111111110, flags=SA_RESTART|SA_SIGINFO, blocked
   SIGTRAP: crash_handler in libjvm.so, mask=11100100010111111101111111111110, flags=SA_RESTART|SA_SIGINFO, unblocked


Periodic native trim disabled

---------------  S Y S T E M  ---------------

OS:
DISTRIB_ID=Ubuntu
DISTRIB_RELEASE=24.04
DISTRIB_CODENAME=noble
DISTRIB_DESCRIPTION="Ubuntu 24.04.4 LTS"
uname: Linux 6.17.0-40-generic #40~24.04.1-Ubuntu SMP PREEMPT_DYNAMIC Tue Jun 23 16:48:12 UTC 2 x86_64
OS uptime: 0 days 0:50 hours
libc: glibc 2.39 NPTL 2.39 
rlimit (soft/hard): STACK 8192k/infinity , CORE 0k/infinity , NPROC 62109/62109 , NOFILE 1048576/1048576 , AS infinity/infinity , CPU infinity/infinity , DATA infinity/infinity , FSIZE infinity/infinity , MEMLOCK 2012068k/2012068k
load average: 7.91 8.09 4.90

/proc/meminfo:
MemTotal:       16096552 kB
MemFree:          287764 kB
MemAvailable:    6002836 kB
Buffers:          189988 kB
Cached:          6145724 kB
SwapCached:          604 kB
Active:          5560272 kB
Inactive:        8250616 kB
Active(anon):    4566644 kB
Inactive(anon):  3892516 kB
Active(file):     993628 kB
Inactive(file):  4358100 kB
Unevictable:      540048 kB
Mlocked:              64 kB
SwapTotal:       4194300 kB
SwapFree:        4193696 kB
Zswap:                 0 kB
Zswapped:              0 kB
Dirty:             16612 kB
Writeback:             0 kB
AnonPages:       8014856 kB
Mapped:          2363732 kB
Shmem:            983968 kB
KReclaimable:     802480 kB
Slab:            1115904 kB
SReclaimable:     802480 kB
SUnreclaim:       313424 kB
KernelStack:       25904 kB
PageTables:        81340 kB
SecPageTables:      3084 kB
NFS_Unstable:          0 kB
Bounce:                0 kB
WritebackTmp:          0 kB
CommitLimit:    12242576 kB
Committed_AS:   28804720 kB
VmallocTotal:   34359738367 kB
VmallocUsed:       73468 kB
VmallocChunk:          0 kB
Percpu:             7904 kB
HardwareCorrupted:     0 kB
AnonHugePages:         0 kB
ShmemHugePages:   438272 kB
ShmemPmdMapped:        0 kB
FileHugePages:      8192 kB
FilePmdMapped:         0 kB
CmaTotal:              0 kB
CmaFree:               0 kB
Unaccepted:            0 kB
Balloon:               0 kB
HugePages_Total:       0
HugePages_Free:        0
HugePages_Rsvd:        0
HugePages_Surp:        0
Hugepagesize:       2048 kB
Hugetlb:               0 kB
DirectMap4k:      269488 kB
DirectMap2M:     4694016 kB
DirectMap1G:    12582912 kB

/sys/kernel/mm/transparent_hugepage/enabled: always [madvise] never
/sys/kernel/mm/transparent_hugepage/hpage_pmd_size: 2097152
/sys/kernel/mm/transparent_hugepage/defrag (defrag/compaction efforts parameter): always defer defer+madvise [madvise] never

Process Memory:
Virtual Size: 5081988K (peak: 5144564K)
Resident Set Size: 463124K (peak: 463124K) (anon: 435612K, file: 27512K, shmem: 0K)
Swapped out: 0K
C-Heap outstanding allocations: 110388K, retained: 38183K
glibc malloc tunables: (default)

/proc/sys/kernel/threads-max (system-wide limit on the number of threads): 124218
/proc/sys/vm/max_map_count (maximum number of memory map areas a process may have): 1048576
/proc/sys/vm/swappiness (control to define how aggressively the kernel swaps out anonymous memory): 60
/proc/sys/kernel/pid_max (system-wide limit on number of process identifiers): 4194304

container information not found.
Steal ticks since vm start: 0
Steal ticks percentage since vm start:  0.000

CPU: total 8 (initial active 8) (4 cores per cpu, 2 threads per core) family 6 model 140 stepping 1 microcode 0xbe, cx8, cmov, fxsr, ht, mmx, 3dnowpref, sse, sse2, sse3, ssse3, sse4.1, sse4.2, popcnt, lzcnt, tsc, tscinvbit, avx, avx2, aes, erms, clmul, bmi1, bmi2, adx, avx512f, avx512dq, avx512cd, avx512bw, avx512vl, sha, fma, vzeroupper, avx512_vpopcntdq, avx512_vpclmulqdq, avx512_vaes, avx512_vnni, clflush, clflushopt, clwb, avx512_vbmi2, avx512_vbmi, rdtscp, rdpid, fsrm, gfni, avx512_bitalg, f16c, pku, ospke, cet_ibt, cet_ss, avx512_ifma
CPU Model and flags from /proc/cpuinfo:
model name	: 11th Gen Intel(R) Core(TM) i7-1165G7 @ 2.80GHz
flags		: fpu vme de pse tsc msr pae mce cx8 apic sep mtrr pge mca cmov pat pse36 clflush dts acpi mmx fxsr sse sse2 ss ht tm pbe syscall nx pdpe1gb rdtscp lm constant_tsc art arch_perfmon pebs bts rep_good nopl xtopology nonstop_tsc cpuid aperfmperf tsc_known_freq pni pclmulqdq dtes64 monitor ds_cpl vmx est tm2 ssse3 sdbg fma cx16 xtpr pdcm pcid sse4_1 sse4_2 x2apic movbe popcnt tsc_deadline_timer aes xsave avx f16c rdrand lahf_lm abm 3dnowprefetch cpuid_fault epb cat_l2 cdp_l2 ssbd ibrs ibpb stibp ibrs_enhanced tpr_shadow flexpriority ept vpid ept_ad fsgsbase tsc_adjust bmi1 avx2 smep bmi2 erms invpcid rdt_a avx512f avx512dq rdseed adx smap avx512ifma clflushopt clwb intel_pt avx512cd sha_ni avx512bw avx512vl xsaveopt xsavec xgetbv1 xsaves split_lock_detect user_shstk dtherm ida arat pln pts hwp hwp_notify hwp_act_window hwp_epp hwp_pkg_req vnmi avx512vbmi umip pku ospke avx512_vbmi2 gfni vaes vpclmulqdq avx512_vnni avx512_bitalg avx512_vpopcntdq rdpid movdiri movdir64b fsrm avx512_vp2intersect md_clear ibt flush_l1d arch_capabilities

Online cpus: 0-7
Offline cpus: 
BIOS frequency limitation: <Not Available>
Frequency switch latency (ns): 0
Available cpu frequencies: <Not Available>
Current governor: powersave
Core performance/turbo boost: <Not Available>

Memory: 4k page, physical 16096552k(6002836k free), swap 4194300k(4193696k free)
Page Sizes: 4k

vm_info: OpenJDK 64-Bit Server VM (21.0.11+10-1-24.04.2-Ubuntu) for linux-amd64 JRE (21.0.11+10-1-24.04.2-Ubuntu), built on 2026-04-26T09:33:23Z by "buildd" with gcc 13.3.0

END.
